,timestamp,gyro(y),gyro(z),label
0,1619046448814,5.433295035069401e-05,0.0024116171916085073,
1,1619046449007,0.000130626895350694,0.0023505820376085074,
2,1619046449200,8.556583350694007e-06,0.002533687503608507,
3,1619046449390,0.000130626895350694,0.0026557578176085073,
4,1619046449582,-0.00011351373164930598,0.002472652347608507,
5,1619046449774,0.000191662048350694,0.0024116171916085073,
6,1619046449966,0.000252697208350694,0.002533687503608507,
7,1619046450158,0.000130626895350694,0.002472652347608507,
8,1619046450350,-5.2478571649306e-05,0.002472652347608507,
9,1619046450542,0.000191662048350694,0.002594722657608507,
10,1619046450734,0.000130626895350694,0.0024116171916085073,
11,1619046450926,0.000740978458350694,0.002472652347608507,
12,1619046451118,-0.000556018611649306,0.0024116171916085073,
13,1619046451310,-5.2478571649306e-05,0.002472652347608507,
14,1619046451501,0.000191662048350694,0.0024116171916085073,
15,1619046451694,0.000130626895350694,0.0024116171916085073,
16,1619046451885,-5.2478571649306e-05,0.002594722657608507,
17,1619046452077,6.959173935069401e-05,0.002533687503608507,
18,1619046452269,8.556583350694007e-06,0.002594722657608507,
19,1619046452461,0.000313732368350694,0.002472652347608507,
20,1619046452653,8.556583350694007e-06,0.0024116171916085073,
21,1619046452845,8.556583350694007e-06,0.002533687503608507,
22,1619046453037,0.000176403262350694,0.002533687503608507,
23,1619046453229,8.556583350694007e-06,0.002594722657608507,
24,1619046453421,0.000130626895350694,0.0026557578176085073,
25,1619046453613,0.000252697208350694,0.002533687503608507,
26,1619046453805,-5.2478571649306e-05,0.002716792967608507,
27,1619046453997,0.003914806528350694,0.002289546877608507,2.0
28,1619046454189,-0.003607776471649306,0.0024116171916085073,
29,1619046454381,0.000313732368350694,0.002716792967608507,
30,1619046454573,0.0055627558283506936,0.002594722657608507,3.0
31,1619046454766,-0.0053777959716493065,0.002472652347608507,
32,1619046454957,0.003304455028350694,0.002594722657608507,6.0
33,1619046455151,-0.002875354471649306,0.002533687503608507,
34,1619046455341,0.005196544828350694,0.002838863287608507,9.0
35,1619046455533,-0.004706409271649306,0.002533687503608507,
36,1619046455725,0.000130626895350694,0.002472652347608507,
37,1619046455917,0.003060314428350694,0.0026557578176085073,7.0
38,1619046456109,-0.002692249071649306,0.002594722657608507,
39,1619046456301,-5.2478571649306e-05,0.002594722657608507,
40,1619046456494,0.000191662048350694,0.002533687503608507,
41,1619046456689,0.000130626895350694,0.002594722657608507,
42,1619046456879,0.000130626895350694,0.002472652347608507,
43,1619046457071,0.000130626895350694,0.002472652347608507,
44,1619046457262,0.000191662048350694,0.002533687503608507,
45,1619046457454,0.0009698602983506941,0.002289546877608507,
46,1619046457646,-0.002005603471649306,0.002289546877608507,
47,1619046457838,0.000374767528350694,0.002533687503608507,
48,1619046458030,0.000191662048350694,0.002228511727608507,
49,1619046458222,0.000313732368350694,0.0024116171916085073,
50,1619046458412,-0.00023558404164930597,0.0018623007876085072,
51,1619046458604,0.00043580267835069403,0.0024116171916085073,
52,1619046458797,0.000191662048350694,0.0024116171916085073,
53,1619046458990,-0.00041868951164930596,0.003144039047608507,
54,1619046459182,-5.2478571649306e-05,0.0028998984476085073,
55,1619046459374,0.000252697208350694,0.002716792967608507,
56,1619046459565,0.000740978458350694,-0.26454089765239147,
57,1619046459756,0.007698986228350694,-0.6441948476523914,
58,1619046459949,0.003731701128350694,-0.33369372765239147,
59,1619046460140,0.000130626895350694,0.002472652347608507,
60,1619046460333,6.959173935069401e-05,0.0026557578176085073,
61,1619046460525,6.959173935069401e-05,0.002533687503608507,
62,1619046460717,0.000130626895350694,0.0026557578176085073,
63,1619046460908,6.959173935069401e-05,0.002533687503608507,
64,1619046461100,8.556583350694007e-06,0.002472652347608507,
65,1619046461292,0.000130626895350694,0.002594722657608507,
66,1619046461484,0.000130626895350694,0.0024116171916085073,
67,1619046461678,0.000191662048350694,0.002533687503608507,
68,1619046461870,6.959173935069401e-05,0.002472652347608507,
69,1619046462061,0.000191662048350694,0.0024116171916085073,
70,1619046462254,6.959173935069401e-05,0.0023505820376085074,
71,1619046462445,0.000130626895350694,0.002472652347608507,
72,1619046462637,0.000130626895350694,0.002289546877608507,
73,1619046462829,0.000130626895350694,0.002594722657608507,
74,1619046463021,0.000313732368350694,0.002289546877608507,
75,1619046463213,0.000130626895350694,0.002533687503608507,
76,1619046463407,0.000130626895350694,0.002472652347608507,
77,1619046463597,-6.702205649305993e-06,0.0024116171916085073,
78,1619046463788,0.000130626895350694,0.002472652347608507,
79,1619046463980,3.907416135069401e-05,0.002472652347608507,
80,1619046464172,0.00010010931735069401,0.002533687503608507,
81,1619046464364,-2.196099164930599e-05,0.002472652347608507,
82,1619046464556,0.00010010931735069401,0.002533687503608507,
83,1619046464748,0.00022217962835069401,0.002289546877608507,
84,1619046464939,-0.00015929009164930598,0.0024116171916085073,
85,1619046465132,0.00022217962835069401,0.002533687503608507,
86,1619046465324,0.000161144473350694,0.0024116171916085073,
87,1619046465515,0.000161144473350694,0.002533687503608507,
88,1619046465708,0.000283214788350694,0.0023505820376085074,
89,1619046465899,-0.00015929009164930598,0.002472652347608507,
90,1619046466093,-0.00015929009164930598,0.002716792967608507,
91,1619046466284,0.00010010931735069401,0.0023505820376085074,
92,1619046466476,3.907416135069401e-05,0.002533687503608507,
93,1619046466668,0.00022217962835069401,0.002533687503608507,
94,1619046466860,-2.196099164930599e-05,0.002472652347608507,
95,1619046467050,3.907416135069401e-05,0.002533687503608507,
96,1619046467243,0.00022217962835069401,0.0024116171916085073,
97,1619046467434,0.000283214788350694,0.002533687503608507,
98,1619046467626,0.00022217962835069401,0.002533687503608507,
99,1619046467818,0.00010010931735069401,0.0024116171916085073,
100,1619046468011,0.000344249928350694,0.0024116171916085073,
101,1619046468202,0.000161144473350694,0.0024116171916085073,
102,1619046468394,-3.721978164930599e-05,0.002594722657608507,7.0
103,1619046468586,0.00010010931735069401,0.002289546877608507,
104,1619046468778,0.00022217962835069401,0.002472652347608507,
105,1619046468970,0.00010010931735069401,0.002533687503608507,
106,1619046469162,0.00010010931735069401,0.002289546877608507,
107,1619046469354,3.907416135069401e-05,0.002228511727608507,
108,1619046469546,0.000161144473350694,0.002533687503608507,
109,1619046469738,2.3815372350694008e-05,0.002533687503608507,
110,1619046469930,0.00010010931735069401,0.002594722657608507,
111,1619046470122,-2.196099164930599e-05,0.002594722657608507,
112,1619046470314,-0.000144031311649306,0.002533687503608507,
113,1619046470507,0.000283214788350694,0.0026557578176085073,
114,1619046470699,-2.196099164930599e-05,0.002289546877608507,
115,1619046470890,0.000161144473350694,0.002594722657608507,
116,1619046471083,0.000283214788350694,0.002472652347608507,
117,1619046471275,0.000283214788350694,0.0024116171916085073,
118,1619046471467,0.000161144473350694,0.002533687503608507,
119,1619046471659,0.00010010931735069401,0.002533687503608507,
120,1619046471851,-8.299615164930599e-05,0.0024116171916085073,
121,1619046472043,-8.299615164930599e-05,0.002533687503608507,
122,1619046472233,-8.299615164930599e-05,0.002289546877608507,
123,1619046472427,0.00022217962835069401,0.0026557578176085073,
124,1619046472619,0.000161144473350694,0.0026557578176085073,
125,1619046472812,3.907416135069401e-05,0.0024116171916085073,
126,1619046473003,-0.00034239557164930597,0.0023505820376085074,
127,1619046473194,-2.196099164930599e-05,0.002533687503608507,
128,1619046473386,0.00010010931735069401,0.002533687503608507,
129,1619046473578,0.00022217962835069401,0.002472652347608507,
130,1619046473771,2.3815372350694008e-05,0.002472652347608507,
131,1619046473963,0.00022217962835069401,0.0024116171916085073,
132,1619046474156,3.907416135069401e-05,0.002716792967608507,
133,1619046474346,3.907416135069401e-05,0.002594722657608507,
134,1619046474539,-2.196099164930599e-05,0.002533687503608507,
135,1619046474730,0.00010010931735069401,0.0024116171916085073,
136,1619046474922,-3.721978164930599e-05,0.002289546877608507,
137,1619046475114,-2.196099164930599e-05,0.002472652347608507,
138,1619046475307,3.907416135069401e-05,0.002594722657608507,
139,1619046475498,0.00022217962835069401,0.002472652347608507,
140,1619046475691,0.00010010931735069401,0.002533687503608507,
141,1619046475882,3.907416135069401e-05,0.002594722657608507,
142,1619046476073,3.907416135069401e-05,0.002472652347608507,
143,1619046476264,3.907416135069401e-05,0.002472652347608507,
144,1619046476456,0.007180187528350694,0.002533687503608507,3.0
145,1619046476648,-0.006873157471649306,0.0023505820376085074,
146,1619046476840,0.030022594528350693,0.001984371097608507,6.0
147,1619046477032,-0.029715564471649306,0.002594722657608507,
148,1619046477224,0.029595348528350694,0.0017402304476085073,6.0
149,1619046477416,-0.029532459471649307,0.002533687503608507,
150,1619046477608,0.000466320258350694,0.0023505820376085074,
151,1619046477800,-0.00038817193164930597,0.002533687503608507,
152,1619046477992,0.018975230528350692,0.002777828127608507,8.0
153,1619046478184,-0.018897083471649305,0.0026557578176085073,
154,1619046478376,0.028130504528350694,0.0023505820376085074,9.0
155,1619046478568,-0.027945545471649305,0.002472652347608507,
156,1619046478760,0.008828136528350693,0.002716792967608507,2.0
157,1619046478952,-0.008338001471649306,0.0023505820376085074,
158,1619046479144,0.022820446528350694,0.002289546877608507,3.0
159,1619046479336,-0.022757556471649305,0.0024116171916085073,
160,1619046479528,3.907416135069401e-05,0.002594722657608507,
161,1619046479720,-2.196099164930599e-05,0.002533687503608507,
162,1619046479912,0.00010010931735069401,0.002472652347608507,
163,1619046480104,0.00022217962835069401,0.0023505820376085074,
164,1619046480295,0.000161144473350694,0.0023505820376085074,
165,1619046480488,-0.00015929009164930598,0.002533687503608507,
166,1619046480680,0.00010010931735069401,0.002472652347608507,
167,1619046480872,0.000161144473350694,0.002533687503608507,
168,1619046481064,0.00010010931735069401,0.0024116171916085073,
169,1619046481255,3.907416135069401e-05,0.0024116171916085073,
170,1619046481448,0.000161144473350694,0.0024116171916085073,
171,1619046481640,-2.196099164930599e-05,0.0023505820376085074,
172,1619046481833,0.00010010931735069401,0.0024879111366085073,
173,1619046482023,3.907416135069401e-05,0.002365840827608507,1.0
174,1619046482215,0.000161144473350694,0.0024268759806085074,
175,1619046482407,0.00010010931735069401,0.002365840827608507,
176,1619046482600,0.00010010931735069401,0.0024879111366085073,
177,1619046482791,0.00022217962835069401,0.0024268759806085074,
178,1619046482985,0.000283214788350694,0.0024879111366085073,
179,1619046483175,-2.196099164930599e-05,0.0024879111366085073,
180,1619046483369,0.00010010931735069401,0.002365840827608507,
181,1619046483559,0.00010010931735069401,0.0024879111366085073,
182,1619046483759,0.00010010931735069401,0.0024268759806085074,1.0
183,1619046483943,0.00010010931735069401,0.0024268759806085074,
184,1619046484135,0.000161144473350694,0.0024879111366085073,
185,1619046484327,0.00010010931735069401,0.002609981447608507,
186,1619046484519,0.000283214788350694,0.0024879111366085073,
187,1619046484711,0.00010010931735069401,0.002365840827608507,
188,1619046484903,0.00022217962835069401,0.002548946292608507,
189,1619046485095,0.0015039179283506939,0.002304805667608507,2.0
190,1619046485286,-0.001242664071649306,0.0024268759806085074,
191,1619046485478,3.907416135069401e-05,0.0024879111366085073,
192,1619046485670,-2.196099164930599e-05,0.002793086917608507,
193,1619046485862,0.00010010931735069401,0.002304805667608507,
194,1619046486055,0.000161144473350694,0.0024268759806085074,
195,1619046486252,-2.196099164930599e-05,0.002365840827608507,
196,1619046486438,3.907416135069401e-05,0.0024879111366085073,
197,1619046486630,0.00010010931735069401,0.0026710166076085074,
198,1619046486822,0.00022217962835069401,0.002365840827608507,
199,1619046487014,-2.196099164930599e-05,0.002609981447608507,
200,1619046487206,0.000283214788350694,0.002365840827608507,
201,1619046487399,0.000161144473350694,0.002609981447608507,
202,1619046487591,0.000161144473350694,0.0024268759806085074,
203,1619046487784,3.907416135069401e-05,0.002365840827608507,
204,1619046487974,0.00010010931735069401,0.002304805667608507,
205,1619046488166,0.000161144473350694,0.0024879111366085073,
206,1619046488359,3.907416135069401e-05,0.002548946292608507,
207,1619046488551,0.00022217962835069401,0.0024268759806085074,
208,1619046488742,3.907416135069401e-05,0.0024268759806085074,
209,1619046488934,3.907416135069401e-05,0.002365840827608507,
210,1619046489127,0.00010010931735069401,0.0024268759806085074,
211,1619046489319,3.907416135069401e-05,0.002060665047608507,
212,1619046489510,0.00010010931735069401,0.002548946292608507,
213,1619046489705,0.000161144473350694,0.0024879111366085073,
214,1619046489895,0.00022217962835069401,0.002548946292608507,
215,1619046490086,0.00010010931735069401,0.002365840827608507,
216,1619046490278,0.00010010931735069401,0.0024268759806085074,
217,1619046490470,0.000344249928350694,0.002609981447608507,
218,1619046490663,0.00010010931735069401,0.002365840827608507,
219,1619046490854,3.907416135069401e-05,0.0024268759806085074,
220,1619046491046,0.000161144473350694,0.002365840827608507,
221,1619046491238,3.907416135069401e-05,0.0024268759806085074,
222,1619046491429,0.000161144473350694,0.002365840827608507,
223,1619046491621,-2.196099164930599e-05,0.002365840827608507,
224,1619046491816,0.000161144473350694,0.0024268759806085074,
225,1619046492005,0.000161144473350694,0.002365840827608507,
226,1619046492197,3.907416135069401e-05,0.0024268759806085074,
227,1619046492389,0.00010010931735069401,0.002365840827608507,4.0
228,1619046492582,0.000283214788350694,0.002548946292608507,
229,1619046492773,0.027398082528350694,0.0024268759806085074,9.0
230,1619046492965,-0.027335193471649307,0.0024879111366085073,
231,1619046493157,0.00010010931735069401,0.002548946292608507,
232,1619046493349,0.000161144473350694,0.002304805667608507,
233,1619046493541,0.000283214788350694,0.0022437705076085073,
234,1619046493736,-2.196099164930599e-05,0.0024268759806085074,
235,1619046493925,0.00010010931735069401,0.0024879111366085073,
236,1619046494117,3.907416135069401e-05,0.002121700197608507,
237,1619046494309,0.00022217962835069401,0.002365840827608507,
238,1619046494501,2.3815372350694008e-05,0.002304805667608507,
239,1619046494694,0.000161144473350694,0.002304805667608507,
240,1619046494884,0.000161144473350694,0.002365840827608507,
241,1619046495077,-8.299615164930599e-05,0.0024879111366085073,
242,1619046495269,0.00010010931735069401,0.0024268759806085074,
243,1619046495460,0.00022217962835069401,0.002182735347608507,
244,1619046495652,0.00010010931735069401,0.0026710166076085074,
245,1619046495845,0.000283214788350694,0.0022437705076085073,0.0
246,1619046496036,3.907416135069401e-05,0.0024268759806085074,
247,1619046496230,0.000283214788350694,0.0024879111366085073,
248,1619046496422,0.000161144473350694,0.002548946292608507,
249,1619046496613,3.907416135069401e-05,0.002365840827608507,
250,1619046496806,0.00022217962835069401,0.002609981447608507,
251,1619046496998,0.00022217962835069401,0.002548946292608507,
252,1619046497188,3.907416135069401e-05,0.002365840827608507,
253,1619046497380,0.017205211528350695,-0.02720569265239149,0.0
254,1619046497572,-0.016699817471649305,-0.005950199652391493,
255,1619046497764,0.00010010931735069401,0.002365840827608507,
256,1619046497958,0.000283214788350694,0.0024879111366085073,
257,1619046498149,0.00010010931735069401,0.002609981447608507,
258,1619046498342,0.000283214788350694,0.002365840827608507,
259,1619046498534,0.000161144473350694,0.0024879111366085073,
260,1619046498725,0.000161144473350694,0.0024268759806085074,
261,1619046498917,3.907416135069401e-05,0.0024879111366085073,
262,1619046499109,0.00010010931735069401,0.0024268759806085074,
263,1619046499300,0.00022217962835069401,0.002365840827608507,
264,1619046499494,0.000161144473350694,0.002548946292608507,
265,1619046499683,0.00010010931735069401,0.0024268759806085074,
266,1619046499876,0.00010010931735069401,0.0024268759806085074,
267,1619046500069,0.000283214788350694,0.0022437705076085073,
268,1619046500260,0.000161144473350694,0.002304805667608507,
269,1619046500453,3.907416135069401e-05,0.002365840827608507,
270,1619046500645,0.00010010931735069401,0.002365840827608507,
271,1619046500836,0.00022217962835069401,0.0024879111366085073,
272,1619046501029,0.000161144473350694,0.0024268759806085074,
273,1619046501221,-2.196099164930599e-05,0.002609981447608507,
274,1619046501412,0.000161144473350694,0.0022437705076085073,
275,1619046501605,0.000161144473350694,0.0024268759806085074,
276,1619046501796,-2.196099164930599e-05,0.0022437705076085073,
277,1619046501988,0.000161144473350694,0.0026710166076085074,
278,1619046502182,0.00022217962835069401,0.002304805667608507,
279,1619046502382,3.907416135069401e-05,0.0024879111366085073,
280,1619046502564,-2.196099164930599e-05,0.0024879111366085073,
281,1619046502759,-8.299615164930599e-05,0.0024268759806085074,
282,1619046502949,0.000283214788350694,0.0024879111366085073,
283,1619046503140,0.00022217962835069401,0.002609981447608507,
284,1619046503332,0.000283214788350694,0.002609981447608507,
285,1619046503524,0.00010010931735069401,0.002365840827608507,
286,1619046503717,0.000344249928350694,0.0024268759806085074,
287,1619046503908,3.907416135069401e-05,0.0024879111366085073,
288,1619046504100,0.00010010931735069401,0.002793086917608507,
289,1619046504292,0.00022217962835069401,0.0026710166076085074,
290,1619046504483,0.00010010931735069401,0.0026710166076085074,
291,1619046504676,3.907416135069401e-05,0.002609981447608507,
292,1619046504868,0.000161144473350694,0.002609981447608507,
293,1619046505060,-2.196099164930599e-05,0.0029151572276085074,
294,1619046505252,-0.000205066471649306,0.002793086917608507,
295,1619046505444,3.907416135069401e-05,0.0027320517476085073,
296,1619046505636,0.000161144473350694,0.0026710166076085074,
297,1619046505830,-2.196099164930599e-05,0.0027320517476085073,
298,1619046506020,0.00010010931735069401,0.002854122077608507,
299,1619046506211,0.000283214788350694,0.0027320517476085073,
300,1619046506403,-2.196099164930599e-05,0.0029151572276085074,
301,1619046506594,0.000161144473350694,0.002793086917608507,
302,1619046506788,0.000161144473350694,0.002609981447608507,
303,1619046506978,0.000161144473350694,0.0029151572276085074,
304,1619046507172,-0.000205066471649306,0.002793086917608507,
305,1619046507365,0.000283214788350694,0.0026710166076085074,
306,1619046507556,0.00010010931735069401,0.002793086917608507,
307,1619046507746,0.00022217962835069401,0.002793086917608507,1.0
308,1619046507938,-2.196099164930599e-05,0.0027320517476085073,
309,1619046508130,0.007912609528350694,0.002793086917608507,2.0
310,1619046508322,-0.007361438471649306,0.0026710166076085074,
311,1619046508514,0.004494640528350694,0.0029151572276085074,2.0
312,1619046508706,-0.004492786171649306,0.0026710166076085074,
313,1619046508898,-2.196099164930599e-05,0.0027320517476085073,4.0
314,1619046509089,0.00010010931735069401,0.002854122077608507,
315,1619046509282,0.004494640528350694,0.002793086917608507,5.0
316,1619046509473,-0.004309680671649306,0.0029151572276085074,
317,1619046509665,0.000161144473350694,0.0024879111366085073,7.0
318,1619046509857,0.00010010931735069401,0.002854122077608507,
319,1619046510049,3.907416135069401e-05,0.0026710166076085074,7.0
320,1619046510241,3.907416135069401e-05,0.002854122077608507,
321,1619046510433,-8.299615164930599e-05,0.002793086917608507,7.0
322,1619046510625,0.000161144473350694,0.002854122077608507,
323,1619046510818,-8.299615164930599e-05,0.0027320517476085073,
324,1619046511009,0.029778454528350692,-0.0005028115523914929,6.0
325,1619046511201,-0.029532459471649307,0.0005347861476085072,
326,1619046511393,0.00010010931735069401,0.0027320517476085073,
327,1619046511586,-8.299615164930599e-05,0.0027320517476085073,
328,1619046511781,0.00010010931735069401,0.002854122077608507,
329,1619046511970,0.00010010931735069401,0.0029761923876085073,
330,1619046512162,0.000161144473350694,0.0027320517476085073,
331,1619046512353,-0.000144031311649306,0.0027320517476085073,
332,1619046512545,3.907416135069401e-05,0.002548946292608507,
333,1619046512738,0.00022217962835069401,0.0029761923876085073,
334,1619046512930,0.00022217962835069401,0.002548946292608507,
335,1619046513123,0.00022217962835069401,0.0026710166076085074,
336,1619046513313,0.00022217962835069401,0.0029151572276085074,
337,1619046513506,0.000161144473350694,0.0029761923876085073,
338,1619046513698,0.00022217962835069401,0.0027320517476085073,
339,1619046513890,0.00022217962835069401,0.002609981447608507,
340,1619046514083,3.907416135069401e-05,0.0029761923876085073,
341,1619046514274,-8.299615164930599e-05,0.003098262697608507,
342,1619046514466,-2.196099164930599e-05,0.0029761923876085073,
343,1619046514658,3.907416135069401e-05,0.002793086917608507,
344,1619046514849,3.907416135069401e-05,0.0029761923876085073,
345,1619046515047,0.00010010931735069401,0.002854122077608507,
346,1619046515234,-8.299615164930599e-05,0.002609981447608507,
347,1619046515426,-0.000281360411649306,0.0029761923876085073,
348,1619046515617,0.00010010931735069401,0.002854122077608507,
349,1619046515809,0.000161144473350694,0.0029151572276085074,
350,1619046516002,-2.196099164930599e-05,0.0029761923876085073,
351,1619046516193,0.00022217962835069401,0.0026710166076085074,
352,1619046516384,0.00010010931735069401,0.003037227547608507,
353,1619046516577,0.000161144473350694,0.002793086917608507,
354,1619046516770,3.907416135069401e-05,0.0029151572276085074,
355,1619046516962,0.00022217962835069401,0.002854122077608507,
356,1619046517154,3.907416135069401e-05,0.0029761923876085073,
357,1619046517346,0.00022217962835069401,0.0029151572276085074,
358,1619046517536,0.000161144473350694,0.002793086917608507,
359,1619046517728,3.907416135069401e-05,0.003098262697608507,
360,1619046517920,0.00020692083835069402,0.002793086917608507,
361,1619046518112,0.00010010931735069401,0.002793086917608507,
362,1619046518304,3.907416135069401e-05,0.002609981447608507,
363,1619046518496,0.000283214788350694,0.002793086917608507,4.0
364,1619046518688,3.907416135069401e-05,0.002793086917608507,
365,1619046518881,0.003029796828350694,0.002793086917608507,5.0
366,1619046519071,-0.002890613371649306,0.0029151572276085074,
367,1619046519264,0.021477672528350693,0.002793086917608507,6.0
368,1619046519455,-0.021048572471649304,0.0029761923876085073,
369,1619046519648,0.0005273554083506939,0.0029761923876085073,7.0
370,1619046519839,-0.000205066471649306,0.002609981447608507,
371,1619046520031,0.00010010931735069401,0.002854122077608507,
372,1619046520223,-2.196099164930599e-05,0.002854122077608507,
373,1619046520415,0.00020692083835069402,0.0026710166076085074,
374,1619046520607,-0.000464465871649306,0.002609981447608507,
375,1619046520799,3.907416135069401e-05,0.0026710166076085074,
376,1619046520991,0.00010010931735069401,0.0027320517476085073,
377,1619046521183,0.00010010931735069401,0.002854122077608507,
378,1619046521375,0.000283214788350694,0.0027320517476085073,
379,1619046521567,0.00022217962835069401,0.002854122077608507,
380,1619046521764,0.00022217962835069401,0.002609981447608507,
381,1619046521953,0.000405285098350694,0.002854122077608507,
382,1619046522144,0.00022217962835069401,0.002854122077608507,
383,1619046522335,0.000161144473350694,0.002854122077608507,
384,1619046522529,0.000161144473350694,0.002609981447608507,
385,1619046522721,0.000161144473350694,0.0027320517476085073,
386,1619046522912,3.907416135069401e-05,0.0027320517476085073,
387,1619046523104,0.00022217962835069401,0.002548946292608507,
388,1619046523296,0.00022217962835069401,0.0029761923876085073,
389,1619046523488,0.000161144473350694,0.002548946292608507,
390,1619046523681,0.000161144473350694,0.0027320517476085073,
391,1619046523872,0.000161144473350694,0.002854122077608507,
392,1619046524063,-2.196099164930599e-05,0.002793086917608507,
393,1619046524257,0.000161144473350694,0.0027320517476085073,
394,1619046524448,-2.196099164930599e-05,0.002854122077608507,
395,1619046524639,-0.00015929009164930598,0.0026710166076085074,
396,1619046524832,3.907416135069401e-05,0.002793086917608507,
397,1619046525024,0.000161144473350694,0.0027320517476085073,
398,1619046525216,-8.299615164930599e-05,0.002793086917608507,
399,1619046525408,-2.196099164930599e-05,0.0029151572276085074,
400,1619046525600,-8.299615164930599e-05,0.0027320517476085073,
401,1619046525792,3.907416135069401e-05,0.0024879111366085073,
402,1619046525984,0.00010010931735069401,0.002609981447608507,
403,1619046526175,0.00022217962835069401,0.0026710166076085074,
404,1619046526366,0.000832531188350694,0.0026710166076085074,2.0
405,1619046526558,-0.0005712774016493061,0.0027320517476085073,
406,1619046526750,0.000161144473350694,0.0026710166076085074,1.0
407,1619046526942,0.00010010931735069401,0.0024879111366085073,
408,1619046527134,0.000283214788350694,0.0027320517476085073,5.0
409,1619046527326,-0.000205066471649306,0.002609981447608507,
410,1619046527518,0.015114757528350694,0.002793086917608507,8.0
411,1619046527710,-0.015112903471649307,0.002854122077608507,
412,1619046527902,0.026604625528350693,0.002304805667608507,8.0
413,1619046528094,-0.026297595471649306,0.0029761923876085073,
414,1619046528286,0.028618786528350693,0.0019996298876085073,0.0
415,1619046528478,-0.028555896471649307,0.0027320517476085073,
416,1619046528670,0.03221986052835069,0.002548946292608507,6.0
417,1619046528862,-0.03246214647164931,0.0029151572276085074,
418,1619046529053,0.028191540528350694,0.0024879111366085073,3.0
419,1619046529246,-0.027884509471649305,0.002609981447608507,
420,1619046529437,0.00010010931735069401,0.0027320517476085073,
421,1619046529629,3.907416135069401e-05,0.002609981447608507,
422,1619046529821,3.907416135069401e-05,0.002793086917608507,
423,1619046530015,-2.196099164930599e-05,0.0026710166076085074,
424,1619046530205,0.000283214788350694,0.0026710166076085074,
425,1619046530398,3.907416135069401e-05,0.0026710166076085074,
426,1619046530591,0.000161144473350694,0.002609981447608507,
427,1619046530781,0.022576305528350694,0.002548946292608507,9.0
428,1619046530973,-0.022574451471649305,0.002854122077608507,
429,1619046531165,-2.196099164930599e-05,0.002854122077608507,
430,1619046531358,0.00010010931735069401,0.0026710166076085074,
431,1619046531551,0.000283214788350694,0.002854122077608507,
432,1619046531743,3.907416135069401e-05,0.002793086917608507,
433,1619046531934,0.000161144473350694,0.0026710166076085074,
434,1619046532127,0.00010010931735069401,0.0029761923876085073,
435,1619046532322,3.907416135069401e-05,0.002854122077608507,
436,1619046532512,0.00010010931735069401,0.0029151572276085074,
437,1619046532703,3.907416135069401e-05,0.0027320517476085073,
438,1619046532893,0.000161144473350694,0.002854122077608507,
439,1619046533087,-0.000281360411649306,0.0029761923876085073,
440,1619046533279,0.000161144473350694,0.0029761923876085073,
441,1619046533470,-0.00015929009164930598,0.0029151572276085074,
442,1619046533662,3.907416135069401e-05,0.002609981447608507,
443,1619046533854,3.907416135069401e-05,0.002609981447608507,
444,1619046534046,0.00010010931735069401,0.002793086917608507,
445,1619046534238,0.000161144473350694,0.0029151572276085074,
446,1619046534428,0.000283214788350694,0.002854122077608507,
447,1619046534620,0.018609020528350693,0.002548946292608507,8.0
448,1619046534812,-0.018301989471649308,0.0029761923876085073,
449,1619046535004,0.026787730528350692,0.002609981447608507,8.0
450,1619046535196,-0.026602771471649307,0.0029151572276085074,
451,1619046535388,0.008278820528350694,0.002793086917608507,8.0
452,1619046535580,-0.008276965471649305,0.003037227547608507,
453,1619046535774,0.005959484528350694,0.0029151572276085074,8.0
454,1619046535964,-0.005774524471649306,0.002854122077608507,
455,1619046536156,0.004067394528350694,0.002793086917608507,8.0
456,1619046536348,-0.004065540071649306,0.002854122077608507,
457,1619046536540,0.00022217962835069401,0.002793086917608507,
458,1619046536732,-0.00034239557164930597,0.0027320517476085073,
459,1619046536924,-8.299615164930599e-05,0.002854122077608507,
460,1619046537116,0.00010010931735069401,0.002609981447608507,
461,1619046537308,3.907416135069401e-05,0.0027320517476085073,
462,1619046537500,0.000161144473350694,0.002854122077608507,
463,1619046537692,0.000161144473350694,0.0027320517476085073,
464,1619046537885,0.00010010931735069401,0.0027320517476085073,
465,1619046538078,3.907416135069401e-05,0.002609981447608507,
466,1619046538269,0.000161144473350694,0.002854122077608507,
467,1619046538461,3.907416135069401e-05,0.0026710166076085074,
468,1619046538652,0.000466320258350694,-0.025313602652391493,
469,1619046538844,3.907416135069401e-05,0.003037227547608507,
470,1619046539037,0.00022217962835069401,0.002609981447608507,
471,1619046539229,0.000283214788350694,0.0024879111366085073,
472,1619046539421,0.000161144473350694,0.002609981447608507,
473,1619046539613,0.00022217962835069401,0.0027320517476085073,
474,1619046539804,0.000283214788350694,0.0027320517476085073,
475,1619046539997,3.907416135069401e-05,0.002854122077608507,
476,1619046540188,0.000161144473350694,0.002548946292608507,
477,1619046540379,-8.299615164930599e-05,0.002793086917608507,
478,1619046540573,3.907416135069401e-05,0.0026710166076085074,
479,1619046540765,0.00010010931735069401,0.002793086917608507,
480,1619046540956,-0.00015929009164930598,0.0026710166076085074,
481,1619046541149,0.00022217962835069401,0.0024879111366085073,
482,1619046541340,0.000161144473350694,0.0029151572276085074,
483,1619046541532,0.00010010931735069401,0.002609981447608507,
484,1619046541724,-8.299615164930599e-05,0.0026710166076085074,
485,1619046541920,0.00010010931735069401,0.0027320517476085073,
486,1619046542108,0.00010010931735069401,0.002793086917608507,
487,1619046542301,-2.196099164930599e-05,0.002609981447608507,
488,1619046542491,0.000344249928350694,0.002793086917608507,
489,1619046542684,0.00010010931735069401,0.0026710166076085074,
490,1619046542883,-2.196099164930599e-05,0.0026710166076085074,
491,1619046543067,-2.196099164930599e-05,0.0024268759806085074,
492,1619046543260,-0.00015929009164930598,0.002609981447608507,
493,1619046543452,0.00010010931735069401,0.002854122077608507,
494,1619046543644,0.00010010931735069401,0.002609981447608507,
495,1619046543836,-0.000220325251649306,0.0026710166076085074,
496,1619046544028,3.907416135069401e-05,0.002609981447608507,
497,1619046544220,0.00020692083835069402,0.002457393558608507,
498,1619046544412,0.000267955998350694,0.002457393558608507,
499,1619046544603,0.00020692083835069402,0.002396358402608507,
500,1619046544796,0.00020692083835069402,0.0023353232476085073,
501,1619046544988,0.000145885684350694,0.0025794638676085073,
502,1619046545181,0.00020692083835069402,0.002518428714608507,
503,1619046545384,2.3815372350694008e-05,0.002518428714608507,
504,1619046545564,8.485052835069401e-05,0.002518428714608507,
505,1619046545756,0.000328991148350694,0.002640499027608507,
506,1619046545948,0.00020692083835069402,0.002518428714608507,
507,1619046546140,0.000328991148350694,0.0025794638676085073,
508,1619046546332,0.000390026308350694,0.002396358402608507,
509,1619046546523,2.3815372350694008e-05,0.0025794638676085073,
510,1619046546716,0.00020692083835069402,0.002396358402608507,
511,1619046546907,8.485052835069401e-05,0.002457393558608507,
512,1619046547098,0.00020692083835069402,0.002701534187608507,1.0
513,1619046547290,8.485052835069401e-05,0.002457393558608507,
514,1619046547482,0.000267955998350694,0.002701534187608507,
515,1619046547676,-0.00017454887164930597,0.002396358402608507,
516,1619046547866,0.027199718528350694,0.002213252947608507,6.0
517,1619046548058,-0.026740100471649306,0.002518428714608507,
518,1619046548249,0.008690807528350693,0.002396358402608507,9.0
519,1619046548442,-0.008475330471649306,0.002457393558608507,
520,1619046548634,0.000145885684350694,0.002457393558608507,
521,1619046548825,0.000267955998350694,0.002457393558608507,
522,1619046549017,0.000573131778350694,0.002396358402608507,4.0
523,1619046549209,-3.721978164930599e-05,0.002396358402608507,
524,1619046549401,0.00020692083835069402,0.002701534187608507,
525,1619046549593,0.000390026308350694,0.0025794638676085073,
526,1619046549785,8.485052835069401e-05,0.002457393558608507,
527,1619046549977,8.485052835069401e-05,0.002274288087608507,
528,1619046550169,2.3815372350694008e-05,0.002396358402608507,
529,1619046550361,0.000267955998350694,0.0025794638676085073,
530,1619046550553,0.000267955998350694,0.002396358402608507,2.0
531,1619046550745,-0.000357654351649306,0.002396358402608507,
532,1619046550937,-9.825494164930599e-05,0.002518428714608507,
533,1619046551129,0.000267955998350694,0.002640499027608507,
534,1619046551322,8.485052835069401e-05,0.002457393558608507,
535,1619046551514,0.000267955998350694,0.002518428714608507,
536,1619046551705,0.00020692083835069402,0.002518428714608507,
537,1619046551898,2.3815372350694008e-05,0.0023353232476085073,
538,1619046552089,8.485052835069401e-05,0.002396358402608507,
539,1619046552282,0.000267955998350694,0.0025794638676085073,
540,1619046552475,8.485052835069401e-05,0.002518428714608507,
541,1619046552666,8.556583350694007e-06,0.002457393558608507,
542,1619046552858,0.00020692083835069402,0.0025794638676085073,
543,1619046553050,8.485052835069401e-05,0.0025794638676085073,
544,1619046553241,8.485052835069401e-05,0.0025794638676085073,
545,1619046553434,0.000145885684350694,0.002213252947608507,
546,1619046553626,0.000145885684350694,0.002518428714608507,
547,1619046553818,8.485052835069401e-05,0.0023353232476085073,
548,1619046554010,2.3815372350694008e-05,0.002274288087608507,
549,1619046554202,-0.000296619201649306,0.002457393558608507,
550,1619046554393,2.3815372350694008e-05,0.002396358402608507,
551,1619046554585,0.000267955998350694,0.002518428714608507,
552,1619046554778,0.00020692083835069402,0.002396358402608507,
553,1619046554969,0.000267955998350694,0.002518428714608507,
554,1619046555162,0.000267955998350694,0.002457393558608507,
555,1619046555354,-0.00017454887164930597,0.002640499027608507,
556,1619046555546,0.000145885684350694,0.002274288087608507,
557,1619046555738,0.000145885684350694,0.0025794638676085073,
558,1619046555929,2.3815372350694008e-05,0.0025794638676085073,
559,1619046556121,0.000267955998350694,0.002457393558608507,
560,1619046556314,0.00020692083835069402,0.002274288087608507,
561,1619046556505,2.3815372350694008e-05,0.002640499027608507,
562,1619046556698,-3.721978164930599e-05,0.002518428714608507,
563,1619046556888,0.000328991148350694,0.0025794638676085073,
564,1619046557083,0.000267955998350694,0.002457393558608507,
565,1619046557273,8.556583350694007e-06,0.002396358402608507,
566,1619046557466,0.00020692083835069402,0.0023353232476085073,
567,1619046557658,0.000390026308350694,0.002396358402608507,
568,1619046557849,8.485052835069401e-05,0.0023353232476085073,
569,1619046558042,-3.721978164930599e-05,0.0025794638676085073,
570,1619046558233,0.000145885684350694,0.002457393558608507,
571,1619046558425,0.000328991148350694,0.0023353232476085073,
572,1619046558617,8.485052835069401e-05,0.002518428714608507,
573,1619046558809,8.485052835069401e-05,0.002457393558608507,
574,1619046559001,8.485052835069401e-05,0.002396358402608507,
575,1619046559193,0.000267955998350694,0.0025794638676085073,
576,1619046559384,0.00020692083835069402,0.0027625693476085074,
577,1619046559577,0.000328991148350694,0.0025794638676085073,
578,1619046559769,0.000145885684350694,0.002396358402608507,
579,1619046559960,0.000145885684350694,0.002457393558608507,1.0
580,1619046560151,0.016625377528350693,0.002457393558608507,3.0
581,1619046560343,-0.016531970471649306,0.0025794638676085073,
582,1619046560535,0.000573131778350694,0.0025794638676085073,6.0
583,1619046560727,8.556583350694007e-06,0.002518428714608507,4.0
584,1619046560919,-0.00015929009164930598,0.002396358402608507,
585,1619046561111,0.00020692083835069402,0.002396358402608507,
586,1619046561303,0.0008783075583506941,0.002518428714608507,2.0
587,1619046561495,-0.0005255010316493061,0.002640499027608507,
588,1619046561687,8.485052835069401e-05,0.002640499027608507,
589,1619046561881,0.000390026308350694,0.0025794638676085073,
590,1619046562071,-3.721978164930599e-05,0.002640499027608507,
591,1619046562263,0.00020692083835069402,0.002457393558608507,
592,1619046562455,0.000267955998350694,0.002457393558608507,
593,1619046562647,0.000267955998350694,0.002457393558608507,
594,1619046562840,8.485052835069401e-05,0.002457393558608507,
595,1619046563031,0.000145885684350694,0.0023353232476085073,
596,1619046563223,0.000145885684350694,0.0025794638676085073,
597,1619046563416,0.000267955998350694,0.002457393558608507,
598,1619046563608,0.00020692083835069402,0.002396358402608507,
599,1619046563800,8.485052835069401e-05,0.002457393558608507,
600,1619046563994,0.00020692083835069402,0.002396358402608507,
601,1619046564184,0.000267955998350694,0.002396358402608507,
602,1619046564382,0.00020692083835069402,0.002518428714608507,
603,1619046564568,0.00020692083835069402,0.002274288087608507,
604,1619046564760,0.000145885684350694,0.0025794638676085073,
605,1619046564952,8.485052835069401e-05,0.002457393558608507,
606,1619046565144,-0.00011351373164930598,0.0025794638676085073,
607,1619046565336,8.485052835069401e-05,0.002457393558608507,
608,1619046565528,2.3815372350694008e-05,0.002274288087608507,
609,1619046565718,0.00020692083835069402,0.002640499027608507,
610,1619046565910,0.0008783075583506941,0.002457393558608507,9.0
611,1619046566102,0.000512096628350694,0.002457393558608507,9.0
612,1619046566294,-0.000830676811649306,0.0023353232476085073,
613,1619046566486,0.000267955998350694,0.0023353232476085073,
614,1619046566678,0.001671764628350694,0.002518428714608507,5.0
615,1619046566870,-0.001395251971649306,0.002396358402608507,
616,1619046567062,0.000390026308350694,0.002640499027608507,2.0
617,1619046567254,0.006127331028350694,0.002518428714608507,2.0
618,1619046567446,-0.005728748071649306,0.0023353232476085073,
619,1619046567638,0.000328991148350694,0.002396358402608507,
620,1619046567830,0.000130626895350694,0.002457393558608507,4.0
621,1619046568022,8.485052835069401e-05,0.002396358402608507,
622,1619046568214,0.000267955998350694,0.0023353232476085073,
623,1619046568407,8.485052835069401e-05,0.002457393558608507,
624,1619046568599,0.000130626895350694,0.002152217777608507,
625,1619046568791,0.000267955998350694,0.002396358402608507,
626,1619046568984,0.000145885684350694,0.002457393558608507,
627,1619046569173,0.000328991148350694,0.002640499027608507,1.0
628,1619046569365,0.000145885684350694,0.0023353232476085073,
629,1619046569557,0.000451061468350694,0.002213252947608507,
630,1619046569751,0.001229259728350694,-0.1084740026523915,
631,1619046569943,0.000985119078350694,-0.04482959365239149,
632,1619046570135,0.000267955998350694,0.0025794638676085073,
633,1619046570326,0.000328991148350694,0.002518428714608507,
634,1619046570518,0.00020692083835069402,0.0025794638676085073,
635,1619046570711,0.000267955998350694,0.002457393558608507,
636,1619046570902,0.000267955998350694,0.002396358402608507,
637,1619046571094,0.00020692083835069402,0.002518428714608507,
638,1619046571286,8.485052835069401e-05,0.002396358402608507,
639,1619046571478,-3.721978164930599e-05,0.002457393558608507,
640,1619046571670,0.000328991148350694,0.0023353232476085073,
641,1619046571862,-3.721978164930599e-05,0.002457393558608507,
642,1619046572054,-5.2478571649306e-05,0.0025794638676085073,
643,1619046572247,0.000267955998350694,0.002396358402608507,
644,1619046572437,0.000145885684350694,0.002213252947608507,
645,1619046572631,0.000267955998350694,0.002457393558608507,
646,1619046572823,0.00020692083835069402,0.002457393558608507,
647,1619046573013,0.000390026308350694,0.0025794638676085073,4.0
648,1619046573205,2.3815372350694008e-05,0.002457393558608507,
649,1619046573397,0.000145885684350694,0.0025794638676085073,
650,1619046573588,0.000374767528350694,0.002396358402608507,7.0
651,1619046573781,0.00020692083835069402,0.0025794638676085073,
652,1619046573973,0.000267955998350694,0.002518428714608507,
653,1619046574164,0.000267955998350694,0.002396358402608507,
654,1619046574356,0.000390026308350694,0.002518428714608507,3.0
655,1619046574549,2.3815372350694008e-05,0.002457393558608507,
656,1619046574740,0.026177380528350693,0.002213252947608507,6.0
657,1619046574932,-0.026175525471649305,0.002396358402608507,
658,1619046575124,-2.196099164930599e-05,-0.0037071572523914927,6.0
659,1619046575316,2.3815372350694008e-05,0.0025794638676085073,
660,1619046575508,-0.000266101621649306,0.002457393558608507,
661,1619046575702,3.907416135069401e-05,0.0023353232476085073,
662,1619046575893,0.00022217962835069401,0.002274288087608507,
663,1619046576085,0.00022217962835069401,0.0025794638676085073,
664,1619046576278,0.000161144473350694,0.002457393558608507,
665,1619046576470,3.907416135069401e-05,0.0027625693476085074,
666,1619046576662,0.00022217962835069401,0.002396358402608507,
667,1619046576854,3.907416135069401e-05,0.002518428714608507,
668,1619046577045,0.000161144473350694,0.002274288087608507,
669,1619046577237,0.00022217962835069401,0.002396358402608507,
670,1619046577430,0.000161144473350694,0.002640499027608507,
671,1619046577622,0.00022217962835069401,0.002518428714608507,
672,1619046577814,-8.299615164930599e-05,0.002640499027608507,
673,1619046578005,0.00010010931735069401,0.0023353232476085073,
674,1619046578198,3.907416135069401e-05,0.002518428714608507,
675,1619046578388,0.000283214788350694,0.002518428714608507,
676,1619046578582,0.00010010931735069401,0.002518428714608507,
677,1619046578773,0.00010010931735069401,0.002457393558608507,
678,1619046578964,3.907416135069401e-05,0.002518428714608507,
679,1619046579156,3.907416135069401e-05,0.002640499027608507,
680,1619046579347,0.000161144473350694,0.002518428714608507,
681,1619046579539,-0.000220325251649306,0.002457393558608507,
682,1619046579731,0.000283214788350694,0.0023353232476085073,
683,1619046579923,0.006325695228350694,0.002457393558608507,3.0
684,1619046580115,-0.005957629971649306,0.002701534187608507,
685,1619046580307,0.010109874528350694,-0.018614993652391495,6.0
686,1619046580499,0.012551281528350694,0.002152217777608507,6.0
687,1619046580691,-0.022452380471649307,0.002518428714608507,
688,1619046580883,0.025689098528350694,0.0018470419976085073,3.0
689,1619046581075,-0.025870349471649307,0.002213252947608507,
690,1619046581268,0.000161144473350694,0.0023353232476085073,
691,1619046581460,0.000161144473350694,0.002213252947608507,
692,1619046581653,0.000283214788350694,0.002457393558608507,
693,1619046581844,0.00010010931735069401,0.002518428714608507,
694,1619046582036,0.00010010931735069401,0.002396358402608507,
695,1619046582229,0.00022217962835069401,0.002396358402608507,
696,1619046582420,0.00010010931735069401,0.0025794638676085073,
697,1619046582612,0.00010010931735069401,0.002396358402608507,
698,1619046582804,-8.299615164930599e-05,0.0025794638676085073,
699,1619046582996,-8.299615164930599e-05,0.0023353232476085073,
700,1619046583188,0.00010010931735069401,0.002701534187608507,
701,1619046583382,2.3815372350694008e-05,0.0025794638676085073,
702,1619046583571,3.907416135069401e-05,0.0023353232476085073,
703,1619046583764,0.00010010931735069401,0.0023353232476085073,
704,1619046583956,0.00022217962835069401,0.0025794638676085073,
705,1619046584149,0.000390026308350694,0.002640499027608507,
706,1619046584340,0.000283214788350694,0.002518428714608507,
707,1619046584532,0.000161144473350694,0.002518428714608507,
708,1619046584724,-2.196099164930599e-05,0.0023353232476085073,
709,1619046584916,3.907416135069401e-05,0.002213252947608507,
710,1619046585108,-0.000281360411649306,0.0027625693476085074,
711,1619046585300,5.433295035069401e-05,0.002442134769608507,
712,1619046585492,-6.702205649305993e-06,0.0025642050816085072,
713,1619046585684,5.433295035069401e-05,0.0023200644576085072,
714,1619046585876,5.433295035069401e-05,0.0025031699256085073,
715,1619046586068,0.00011536810635069401,0.002381099613608507,
716,1619046586260,0.00011536810635069401,0.002197994147608507,
717,1619046586451,0.00011536810635069401,0.0023200644576085072,
718,1619046586644,0.00011536810635069401,0.002442134769608507,
719,1619046586835,-0.000205066471649306,0.002442134769608507,
720,1619046587028,-0.000205066471649306,0.002381099613608507,
721,1619046587220,0.00011536810635069401,0.002381099613608507,
722,1619046587410,0.000176403262350694,0.0023200644576085072,1.0
723,1619046587602,0.001885387628350694,0.0023200644576085072,2.0
724,1619046587794,-0.0019598271716493062,0.0025642050816085072,
725,1619046587986,0.000176403262350694,0.002442134769608507,
726,1619046588178,5.433295035069401e-05,0.002442134769608507,
727,1619046588370,0.000237438418350694,0.0025642050816085072,4.0
728,1619046588562,-0.000250842831649306,0.002197994147608507,
729,1619046588754,-2.196099164930599e-05,0.002381099613608507,
730,1619046588946,-6.702205649305993e-06,0.002381099613608507,
731,1619046589138,5.433295035069401e-05,0.0025031699256085073,
732,1619046589330,0.016793224528350695,0.002381099613608507,0.0
733,1619046589522,-0.016623523471649308,0.002869380867608507,
734,1619046589714,0.014718029528350694,0.0018317832076085072,8.0
735,1619046589906,-0.014609363471649307,-0.014113651652391493,
736,1619046590098,-6.702205649305993e-06,0.0025642050816085072,
737,1619046590291,0.000359508728350694,0.002381099613608507,
738,1619046590483,0.000176403262350694,0.0025031699256085073,
739,1619046590673,0.000298473578350694,0.002442134769608507,
740,1619046590867,-6.702205649305993e-06,0.0025031699256085073,
741,1619046591058,0.000237438418350694,0.0025642050816085072,
742,1619046591251,0.00011536810635069401,0.002381099613608507,
743,1619046591443,-6.7737361649306e-05,0.002381099613608507,
744,1619046591634,-6.702205649305993e-06,0.002442134769608507,
745,1619046591825,-6.7737361649306e-05,0.0023200644576085072,
746,1619046592018,-6.702205649305993e-06,0.002625240237608507,
747,1619046592209,0.00010010931735069401,0.002442134769608507,
748,1619046592401,0.019341442528350693,0.0009772910476085071,6.0
749,1619046592594,-0.015891101471649308,0.002381099613608507,9.0
750,1619046592785,-0.0031347539716493063,-0.0011589394523914926,
751,1619046592977,5.433295035069401e-05,0.002686275397608507,1.0
752,1619046593169,5.433295035069401e-05,0.002625240237608507,
753,1619046593361,0.002129528228350694,0.002381099613608507,5.0
754,1619046593553,-0.001593616271649306,0.002625240237608507,4.0
755,1619046593745,-0.00012877252164930598,0.002381099613608507,
756,1619046593937,0.000420543888350694,0.002625240237608507,2.0
757,1619046594129,0.015007946528350694,0.002686275397608507,8.0
758,1619046594321,-0.014914539471649306,0.0023200644576085072,
759,1619046594513,0.032921764528350696,-0.0010368691523914928,3.0
760,1619046594705,-0.03275206347164931,0.002381099613608507,
761,1619046594896,0.031090710528350694,-0.000914798852391493,6.0
762,1619046595088,-0.030615833471649305,0.002625240237608507,
763,1619046595280,5.433295035069401e-05,0.002442134769608507,
764,1619046595474,0.00011536810635069401,0.0025031699256085073,
765,1619046595666,5.433295035069401e-05,0.002625240237608507,
766,1619046595858,-6.702205649305993e-06,0.0023200644576085072,
767,1619046596050,0.000176403262350694,0.0023200644576085072,
768,1619046596242,-6.702205649305993e-06,0.0025642050816085072,
769,1619046596433,0.00011536810635069401,0.002442134769608507,
770,1619046596626,5.433295035069401e-05,0.002381099613608507,
771,1619046596818,0.000420543888350694,0.0025642050816085072,
772,1619046597009,0.000176403262350694,0.002442134769608507,
773,1619046597202,0.000176403262350694,0.002625240237608507,
774,1619046597393,0.00011536810635069401,0.002442134769608507,
775,1619046597586,5.433295035069401e-05,0.0025642050816085072,
776,1619046597778,0.00011536810635069401,0.002442134769608507,
777,1619046597973,0.00011536810635069401,0.002442134769608507,
778,1619046598162,0.00011536810635069401,0.002442134769608507,
779,1619046598353,5.433295035069401e-05,0.002686275397608507,
780,1619046598548,0.000176403262350694,0.002625240237608507,
781,1619046598738,0.000237438418350694,0.0025031699256085073,
782,1619046598930,-6.702205649305993e-06,0.0022590292976085074,
783,1619046599122,-0.00012877252164930598,0.0025031699256085073,
784,1619046599314,-6.702205649305993e-06,0.002442134769608507,
785,1619046599505,0.000237438418350694,0.0025031699256085073,
786,1619046599698,0.000237438418350694,0.0022590292976085074,
787,1619046599889,0.000176403262350694,0.002625240237608507,
788,1619046600080,0.000298473578350694,0.002442134769608507,
789,1619046600273,-6.702205649305993e-06,0.0025642050816085072,
790,1619046600466,0.000420543888350694,0.0023200644576085072,
791,1619046600657,0.00011536810635069401,0.002442134769608507,
792,1619046600849,-6.7737361649306e-05,0.002381099613608507,
793,1619046601041,0.000176403262350694,0.002442134769608507,
794,1619046601233,-0.00012877252164930598,0.002442134769608507,
795,1619046601425,5.433295035069401e-05,0.0023200644576085072,
796,1619046601616,0.000237438418350694,0.002381099613608507,
797,1619046601809,-0.00012877252164930598,0.002381099613608507,
798,1619046602000,0.000176403262350694,0.0025031699256085073,
799,1619046602191,0.000176403262350694,0.002381099613608507,
800,1619046602384,0.00011536810635069401,0.002625240237608507,
801,1619046602577,-0.00012877252164930598,0.002442134769608507,
802,1619046602769,0.000176403262350694,0.002625240237608507,
803,1619046602959,5.433295035069401e-05,0.0025642050816085072,
804,1619046603153,0.00011536810635069401,0.002686275397608507,
805,1619046603344,0.011834118528350694,0.002625240237608507,
806,1619046603536,-0.010581043471649306,0.0025031699256085073,
807,1619046603728,-0.00043394827164930594,0.0022590292976085074,
808,1619046603921,-0.000494983471649306,0.002136958987608507,
809,1619046604112,0.000771496028350694,0.002381099613608507,
810,1619046604304,-0.0009374883716493059,0.0025031699256085073,
811,1619046604496,-0.000861194371649306,0.002197994147608507,
812,1619046604688,5.433295035069401e-05,0.002625240237608507,
813,1619046604880,0.000481579048350694,0.002686275397608507,
814,1619046605071,0.00010010931735069401,0.013748897347608507,
815,1619046605264,-0.000372913141649306,0.03622509234760851,
816,1619046605456,5.433295035069401e-05,0.0025031699256085073,
817,1619046605649,0.000237438418350694,0.0023200644576085072,
818,1619046605840,0.000481579048350694,0.002381099613608507,
819,1619046606032,0.000542614198350694,0.0025031699256085073,
820,1619046606224,0.0008477899783506939,0.0025642050816085072,
821,1619046606416,0.000176403262350694,0.0023200644576085072,
822,1619046606608,0.00011536810635069401,0.002625240237608507,
823,1619046606800,5.433295035069401e-05,0.002381099613608507,
824,1619046606992,5.433295035069401e-05,0.0022590292976085074,
825,1619046607184,5.433295035069401e-05,0.0025031699256085073,
826,1619046607375,0.000237438418350694,0.0025031699256085073,
827,1619046607568,-6.702205649305993e-06,0.0025642050816085072,
828,1619046607758,0.00011536810635069401,0.0025031699256085073,
829,1619046607952,0.00011536810635069401,0.002381099613608507,
830,1619046608144,-0.000205066471649306,0.0025031699256085073,
831,1619046608336,5.433295035069401e-05,0.002442134769608507,
832,1619046608528,5.433295035069401e-05,0.0025642050816085072,
833,1619046608720,0.00011536810635069401,0.0025642050816085072,
834,1619046608911,0.00011536810635069401,0.0025642050816085072,
835,1619046609104,5.433295035069401e-05,0.002381099613608507,
836,1619046609295,0.000176403262350694,0.0027473105476085074,
837,1619046609487,0.00011536810635069401,0.002381099613608507,
838,1619046609680,0.000176403262350694,0.0025031699256085073,
839,1619046609871,-6.702205649305993e-06,0.0025031699256085073,
840,1619046610064,0.00011536810635069401,0.002442134769608507,
841,1619046610255,0.00011536810635069401,0.002442134769608507,
842,1619046610447,5.433295035069401e-05,0.0025642050816085072,
843,1619046610639,-6.702205649305993e-06,0.0023200644576085072,
844,1619046610830,-6.702205649305993e-06,0.002381099613608507,
845,1619046611024,0.00011536810635069401,0.0023200644576085072,
846,1619046611215,5.433295035069401e-05,0.002381099613608507,
847,1619046611407,0.000237438418350694,0.0023200644576085072,
848,1619046611598,0.00011536810635069401,0.002442134769608507,
849,1619046611791,0.00011536810635069401,0.0027473105476085074,
850,1619046611983,0.00011536810635069401,0.0022590292976085074,
851,1619046612175,0.00011536810635069401,0.0023200644576085072,
852,1619046612365,0.00011536810635069401,0.002381099613608507,
853,1619046612557,0.00011536810635069401,0.002381099613608507,
854,1619046612749,0.00011536810635069401,0.0025031699256085073,
855,1619046612941,0.000298473578350694,0.0025031699256085073,
856,1619046613133,0.000176403262350694,0.0022590292976085074,
857,1619046613326,0.00011536810635069401,0.002197994147608507,
858,1619046613518,0.000298473578350694,0.002381099613608507,
859,1619046613711,-6.702205649305993e-06,0.0025642050816085072,
860,1619046613901,0.00011536810635069401,0.0023200644576085072,
861,1619046614095,-6.7737361649306e-05,0.0023200644576085072,
862,1619046614287,-0.00012877252164930598,0.002625240237608507,
863,1619046614479,-0.000205066471649306,0.002442134769608507,
864,1619046614669,0.00011536810635069401,0.0025642050816085072,
865,1619046614862,0.000298473578350694,0.002625240237608507,
866,1619046615054,0.000786754828350694,0.0023200644576085072,
867,1619046615246,0.014824840528350694,-0.0740349176523915,
868,1619046615438,0.023629162528350695,-0.1314079676523915,
869,1619046615631,0.027535412528350695,-0.0868675576523915,
870,1619046615823,-0.5515051194716493,-0.04887317265239149,
871,1619046616014,-2.7967596494716496,0.3354194323476085,
872,1619046616206,0.4313134905283507,-0.1427604976523915,
873,1619046616398,1.1398706505283507,-0.41630481765239147,
874,1619046616590,-0.30416014947164927,-0.8547966476523915,
875,1619046616782,0.8006524505283508,-0.6708671876523915,
876,1619046616974,-0.2209692294716493,-0.1040947276523915,
877,1619046617166,0.025094005528350696,-0.05834888065239149,
878,1619046617358,0.000603649328350694,0.030350460347608507,
879,1619046617550,-0.1194982794716493,0.019852412347608508,
880,1619046617743,-0.011374500471649306,-0.027007327652391493,
881,1619046617934,0.030465099528350695,0.006958736347608508,
882,1619046618126,-0.06415464947164931,0.019608272347608507,
883,1619046618318,0.006035778228350694,0.0006110800476085072,
884,1619046618509,0.001275036028350694,0.0017707480476085071,
885,1619046618702,0.033150646528350695,0.019547237347608507,
886,1619046618893,-0.0782690294716493,0.024063839347608508,
887,1619046619086,0.034676525528350696,-0.009841190652391493,
888,1619046619278,0.008294079028350694,-0.010634647652391494,
889,1619046619470,-0.006491687471649306,0.017151607347608507,
890,1619046619662,-0.0458288454716493,0.015991939347608508,
891,1619046619853,-0.0678777994716493,0.017105831347608506,
892,1619046620045,-0.32816221947164925,0.0917976023476085,
893,1619046620238,0.015740368528350694,-0.0019523966523914932,
894,1619046620430,0.0007257196683506939,0.002381099613608507,
895,1619046620621,-0.03366758947164931,0.028580440347608507,
896,1619046620814,0.016732189528350695,0.006348384747608507,
897,1619046621005,0.032235120528350696,0.00012279884760850717,
898,1619046621198,0.015984508528350694,-0.010268436652391494,
899,1619046621389,-0.2113104094716493,0.012329830347608506,
900,1619046621581,0.11019227052835069,-0.021208987652391494,
901,1619046621772,-0.8590154894716493,0.01727367734760851,
902,1619046621965,-0.4149084494716493,0.15826489234760852,
903,1619046622157,0.46621035052835075,-0.5946800476523915,
904,1619046622354,0.07940003652835069,-0.28063891765239146,
905,1619046622541,-0.06110289347164931,0.5172736523476085,
906,1619046622733,0.6842736905283507,0.8170325923476085,
907,1619046622925,0.3499536205283507,0.41336132234760853,
908,1619046623115,-0.5488805994716492,-1.6051781476523916,
909,1619046623307,0.7171411505283507,-0.9150230476523915,
910,1619046623501,-0.1072759894716493,0.5874641123476085,
911,1619046623693,0.2514276205283507,0.4622962523476085,
912,1619046623885,0.46320435052835074,0.4013374023476085,
913,1619046624077,0.0932702755283507,0.8512427923476085,
914,1619046624267,0.2187433005283507,1.6652839523476084,
915,1619046624460,0.08153626652835069,0.015824092347608506,
916,1619046624651,0.6592950505283507,0.03909374634760851,
917,1619046624843,0.18012330052835068,-0.24600146765239148,
918,1619046625035,-0.1183386094716493,-0.20617602765239149,
919,1619046625228,-0.0819311394716493,-0.5297539076523915,
920,1619046625421,-0.1225500394716493,-0.3998863476523915,
921,1619046625611,-0.0005712774016493061,-0.017409549652391495,
922,1619046625804,-6.702205649305993e-06,0.002625240237608507,
923,1619046625996,0.000176403262350694,0.0025031699256085073,
924,1619046626188,0.00011536810635069401,0.002686275397608507,
925,1619046626381,0.000176403262350694,0.002686275397608507,
926,1619046626572,0.000176403262350694,0.002686275397608507,
927,1619046626764,-6.7737361649306e-05,0.0027473105476085074,
928,1619046626956,-6.702205649305993e-06,0.0025031699256085073,
929,1619046627148,-6.702205649305993e-06,0.0027473105476085074,
930,1619046627340,0.00011536810635069401,0.0027473105476085074,
931,1619046627531,-0.000327136771649306,0.0025642050816085072,4.0
932,1619046627723,0.003594372028350694,-0.014357791652391493,5.0
933,1619046627915,0.000359508728350694,-0.07281421265239149,2.0
934,1619046628106,-0.002219226571649306,0.03958202734760851,
935,1619046628298,-6.702205649305993e-06,0.0028083457076085072,
936,1619046628492,5.433295035069401e-05,0.0025642050816085072,
937,1619046628684,0.000176403262350694,0.002686275397608507,
938,1619046628877,0.00011536810635069401,0.003052486347608507,
939,1619046629071,-6.702205649305993e-06,0.0027473105476085074,
940,1619046629260,-0.000189807671649306,0.002381099613608507,
941,1619046629451,-6.7737361649306e-05,0.0025642050816085072,
942,1619046629644,0.000176403262350694,0.0027473105476085074,
943,1619046629835,5.433295035069401e-05,0.002442134769608507,
944,1619046630027,0.000176403262350694,0.002686275397608507,
945,1619046630220,5.433295035069401e-05,0.003052486347608507,
946,1619046630412,-6.702205649305993e-06,0.0027473105476085074,
947,1619046630604,5.433295035069401e-05,0.0027473105476085074,
948,1619046630794,-0.001593616271649306,0.0025031699256085073,1.0
949,1619046630986,0.001641247028350694,0.0027473105476085074,
950,1619046631178,0.0009698602983506941,0.026322139347608506,3.0
951,1619046631370,0.002800915028350694,-0.1018974676523915,3.0
952,1619046631562,-0.002951648471649306,0.04904247634760851,
953,1619046631754,-0.000189807671649306,0.002625240237608507,
954,1619046631946,0.001885387628350694,-0.018141971652391495,6.0
955,1619046632138,0.000420543888350694,0.010742916347608506,8.0
956,1619046632329,-0.0016088750716493061,0.0015266074476085073,
957,1619046632521,0.001091930628350694,0.016678585347608507,8.0
958,1619046632714,-0.001303699271649306,0.002686275397608507,
959,1619046632907,-0.000205066471649306,0.0028083457076085072,
960,1619046633099,0.000359508728350694,0.002991451147608507,
961,1619046633290,0.000176403262350694,0.002686275397608507,
962,1619046633484,-6.702205649305993e-06,0.002686275397608507,
963,1619046633675,0.000176403262350694,0.002869380867608507,
964,1619046633867,0.000176403262350694,0.0028083457076085072,
965,1619046634059,-6.7737361649306e-05,0.0028083457076085072,
966,1619046634251,5.433295035069401e-05,0.002869380867608507,
967,1619046634442,-6.7737361649306e-05,0.002930416017608507,
968,1619046634634,0.000176403262350694,0.002442134769608507,
969,1619046634827,-0.000250842831649306,0.002625240237608507,
970,1619046635018,-0.000266101621649306,0.002442134769608507,
971,1619046635211,5.433295035069401e-05,0.0025642050816085072,
972,1619046635401,-0.000205066471649306,0.002625240237608507,
973,1619046635596,-6.702205649305993e-06,0.002625240237608507,
974,1619046635787,0.00011536810635069401,0.0028083457076085072,
975,1619046635979,0.000405285098350694,0.002625240237608507,
976,1619046636171,0.000176403262350694,0.002869380867608507,
977,1619046636361,0.00011536810635069401,0.002625240237608507,
978,1619046636554,0.000176403262350694,0.0027473105476085074,
979,1619046636747,0.00011536810635069401,0.0025642050816085072,
980,1619046636939,-6.7737361649306e-05,0.0027473105476085074,
981,1619046637131,-0.00015929009164930598,0.002625240237608507,
982,1619046637323,-0.0005102422716493061,0.0022590292976085074,
983,1619046637514,3.907416135069401e-05,0.0025031699256085073,
984,1619046637707,-3.721978164930599e-05,0.002381099613608507,
985,1619046637898,0.00022217962835069401,0.002197994147608507,
986,1619046638092,3.907416135069401e-05,0.002381099613608507,
987,1619046638282,-2.196099164930599e-05,0.002381099613608507,
988,1619046638473,0.00010010931735069401,0.002442134769608507,
989,1619046638666,0.00010010931735069401,0.002442134769608507,
990,1619046638857,0.002236339828350694,-0.0648186076523915,5.0
991,1619046639049,0.0006494257283506939,-0.024489627652391495,5.0
992,1619046639240,0.000161144473350694,-0.0024406776523914924,5.0
993,1619046639432,0.00010010931735069401,0.006775630847608507,5.0
994,1619046639625,0.00020692083835069402,0.002442134769608507,5.0
995,1619046639816,-0.000769641671649306,0.011536373347608507,
996,1619046640009,0.0005273554083506939,0.004395259747608507,3.0
997,1619046640200,0.0007562372283506939,0.00036693934760850724,6.0
998,1619046640392,-0.001059558671649306,0.002686275397608507,
999,1619046640584,8.485052835069401e-05,0.002625240237608507,
1000,1619046640777,0.001015636658350694,-0.013930545652391494,6.0
1001,1619046640968,-0.000205066471649306,0.0023200644576085072,
1002,1619046641162,-2.196099164930599e-05,0.002442134769608507,
1003,1619046641354,-8.299615164930599e-05,0.0023200644576085072,
1004,1619046641544,0.000710460878350694,-0.012099491652391494,6.0
1005,1619046641736,-0.000449207071649306,0.003601802747608507,
1006,1619046641930,3.907416135069401e-05,0.002381099613608507,
1007,1619046642123,0.00010010931735069401,0.0025642050816085072,
1008,1619046642314,3.907416135069401e-05,0.0022590292976085074,
1009,1619046642504,0.000344249928350694,0.0025031699256085073,
1010,1619046642697,0.000161144473350694,0.002197994147608507,
1011,1619046642888,0.000161144473350694,0.0020759238276085073,
1012,1619046643080,0.000344249928350694,0.002197994147608507,
1013,1619046643278,0.00010010931735069401,0.0020759238276085073,
1014,1619046643465,0.00010010931735069401,0.002136958987608507,
1015,1619046643657,0.000161144473350694,0.0020148886776085073,
1016,1619046643849,0.000161144473350694,0.002381099613608507,
1017,1619046644040,0.000161144473350694,0.002197994147608507,
1018,1619046644233,0.00010010931735069401,0.0023200644576085072,
1019,1619046644425,0.000161144473350694,0.002197994147608507,
1020,1619046644616,-8.299615164930599e-05,0.002136958987608507,
1021,1619046644809,0.00010010931735069401,0.002197994147608507,
1022,1619046645001,0.00010010931735069401,0.0023200644576085072,
1023,1619046645192,0.000161144473350694,0.002136958987608507,
1024,1619046645384,0.00010010931735069401,0.0020148886776085073,
1025,1619046645577,0.00022217962835069401,0.0022590292976085074,
1026,1619046645769,0.000161144473350694,0.0020759238276085073,
1027,1619046645961,0.000283214788350694,0.002197994147608507,
1028,1619046646152,0.00022217962835069401,0.002197994147608507,
1029,1619046646344,0.000161144473350694,0.002136958987608507,
1030,1619046646536,0.000283214788350694,0.0022590292976085074,
1031,1619046646729,0.000161144473350694,0.0020759238276085073,
1032,1619046646921,-0.00034239557164930597,0.002136958987608507,
1033,1619046647113,8.485052835069401e-05,0.0020759238276085073,
1034,1619046647303,8.485052835069401e-05,0.002197994147608507,
1035,1619046647495,-8.299615164930599e-05,0.002197994147608507,4.0
1036,1619046647688,0.001198742128350694,0.0022590292976085074,6.0
1037,1619046647879,-0.0005712774016493061,0.0022590292976085074,7.0
1038,1619046648071,0.00022217962835069401,0.0020759238276085073,
1039,1619046648263,-3.721978164930599e-05,0.002136958987608507,7.0
1040,1619046648455,-2.196099164930599e-05,0.002136958987608507,7.0
1041,1619046648647,0.000283214788350694,0.0022590292976085074,
1042,1619046648839,3.907416135069401e-05,0.002136958987608507,
1043,1619046649031,0.000405285098350694,-0.019911991652391492,0.0
1044,1619046649223,0.000161144473350694,-0.007460819652391494,
1045,1619046649415,0.000283214788350694,0.0020148886776085073,
1046,1619046649607,0.000710460878350694,-0.05113147365239149,
1047,1619046649799,3.907416135069401e-05,0.0023200644576085072,
1048,1619046649991,0.000283214788350694,0.005738033247608507,
1049,1619046650183,0.00022217962835069401,0.0022590292976085074,
1050,1619046650375,-2.196099164930599e-05,0.0023200644576085072,
1051,1619046650566,-8.299615164930599e-05,0.002197994147608507,
1052,1619046650759,3.907416135069401e-05,0.0022590292976085074,
1053,1619046650952,0.000405285098350694,0.0023200644576085072,
1054,1619046651143,0.000344249928350694,0.0023200644576085072,
1055,1619046651336,0.00010010931735069401,0.002136958987608507,
1056,1619046651528,3.907416135069401e-05,0.0020148886776085073,
1057,1619046651720,0.00010010931735069401,0.002197994147608507,
1058,1619046651911,3.907416135069401e-05,0.002136958987608507,
1059,1619046652104,0.000161144473350694,0.002136958987608507,
1060,1619046652294,3.907416135069401e-05,0.002136958987608507,
1061,1619046652488,-8.299615164930599e-05,0.002197994147608507,
1062,1619046652679,0.000283214788350694,0.0023200644576085072,
1063,1619046652871,0.000283214788350694,0.0022590292976085074,
1064,1619046653064,0.00022217962835069401,0.0023200644576085072,
1065,1619046653260,-0.000281360411649306,0.002197994147608507,
1066,1619046653446,0.00022217962835069401,0.0022590292976085074,
1067,1619046653640,0.000283214788350694,0.0022590292976085074,
1068,1619046653830,-8.299615164930599e-05,0.0023200644576085072,
1069,1619046654024,0.000405285098350694,0.0023200644576085072,
1070,1619046654216,0.000466320258350694,0.002136958987608507,
1071,1619046654408,3.907416135069401e-05,0.002197994147608507,
1072,1619046654599,0.000344249928350694,0.002136958987608507,
1073,1619046654792,0.000161144473350694,0.002381099613608507,
1074,1619046654983,3.907416135069401e-05,0.0023200644576085072,
1075,1619046655176,0.00010010931735069401,0.002136958987608507,
1076,1619046655367,0.00022217962835069401,0.002197994147608507,
1077,1619046655559,-0.000449207071649306,0.0022590292976085074,
1078,1619046655751,0.000161144473350694,0.002442134769608507,
1079,1619046655942,0.00022217962835069401,0.002197994147608507,
1080,1619046656133,-0.0023565556716493062,0.002197994147608507,1.0
1081,1619046656325,0.0033349725283506938,0.002136958987608507,9.0
1082,1619046656517,-0.000266101621649306,0.0023200644576085072,
1083,1619046656709,0.000344249928350694,0.0022590292976085074,9.0
1084,1619046656903,0.00010010931735069401,0.0020759238276085073,2.0
1085,1619046657093,0.00022217962835069401,0.0022590292976085074,
1086,1619046657285,-0.000144031311649306,0.0023200644576085072,2.0
1087,1619046657477,0.000832531188350694,0.002197994147608507,3.0
1088,1619046657669,-0.000144031311649306,0.002136958987608507,
1089,1619046657861,0.000405285098350694,0.0020148886776085073,3.0
1090,1619046658053,0.0011224482283506939,0.002197994147608507,3.0
1091,1619046658245,-0.000876453171649306,0.002136958987608507,
1092,1619046658437,0.00022217962835069401,0.002197994147608507,
1093,1619046658631,-2.196099164930599e-05,0.0022590292976085074,
1094,1619046658822,0.00010010931735069401,0.002197994147608507,
1095,1619046659014,0.00022217962835069401,0.0020759238276085073,
1096,1619046659205,0.0019769403283506942,-0.0877220476523915,9.0
1097,1619046659397,-0.001242664071649306,0.003113521487608507,
1098,1619046659589,0.00010010931735069401,0.0020759238276085073,
1099,1619046659782,0.000405285098350694,0.0020759238276085073,
1100,1619046659974,0.00022217962835069401,0.0019538535476085073,
1101,1619046660166,0.000405285098350694,0.0020759238276085073,
1102,1619046660358,0.00010010931735069401,0.002197994147608507,
1103,1619046660550,3.907416135069401e-05,0.002136958987608507,
1104,1619046660742,0.00010010931735069401,0.0018928183476085072,
1105,1619046660934,3.907416135069401e-05,0.002136958987608507,
1106,1619046661125,0.00022217962835069401,0.0020148886776085073,
1107,1619046661318,3.907416135069401e-05,0.0025642050816085072,
1108,1619046661509,0.000161144473350694,0.0020759238276085073,
1109,1619046661702,0.00022217962835069401,0.002136958987608507,
1110,1619046661893,0.000161144473350694,0.002442134769608507,
1111,1619046662086,0.000344249928350694,0.002197994147608507,
1112,1619046662278,-0.00015929009164930598,0.002197994147608507,
1113,1619046662470,0.00022217962835069401,0.002197994147608507,
1114,1619046662661,0.00022217962835069401,0.002136958987608507,
1115,1619046662854,0.000344249928350694,0.0023200644576085072,
1116,1619046663046,3.907416135069401e-05,0.002136958987608507,
1117,1619046663237,0.00010010931735069401,0.0020759238276085073,
1118,1619046663432,0.00010010931735069401,0.0020148886776085073,
1119,1619046663621,0.000161144473350694,0.0023200644576085072,
1120,1619046663814,0.00022217962835069401,0.002136958987608507,
1121,1619046664005,0.00010010931735069401,0.002381099613608507,
1122,1619046664198,0.000161144473350694,0.002197994147608507,
1123,1619046664389,-2.196099164930599e-05,0.002136958987608507,
1124,1619046664580,-2.196099164930599e-05,0.0022590292976085074,
1125,1619046664774,0.00022217962835069401,0.002136958987608507,
1126,1619046664965,0.00010010931735069401,0.0023200644576085072,
1127,1619046665158,0.00022217962835069401,0.0020759238276085073,
1128,1619046665350,0.000161144473350694,0.002197994147608507,
1129,1619046665542,0.000161144473350694,0.002197994147608507,
1130,1619046665734,3.907416135069401e-05,0.002197994147608507,
1131,1619046665925,-0.000281360411649306,0.002197994147608507,
1132,1619046666118,0.000328991148350694,0.002136958987608507,
1133,1619046666309,0.000466320258350694,0.0023200644576085072,
1134,1619046666502,0.000283214788350694,0.0020759238276085073,
1135,1619046666692,0.000283214788350694,0.0019538535476085073,
1136,1619046666884,0.000405285098350694,0.0020759238276085073,
1137,1619046667078,0.00022217962835069401,0.002136958987608507,
1138,1619046667269,0.000161144473350694,0.0020759238276085073,
1139,1619046667464,-0.000327136771649306,0.002136958987608507,
1140,1619046667653,0.000161144473350694,0.002136958987608507,
1141,1619046667845,0.000451061468350694,0.002136958987608507,
1142,1619046668037,0.0005273554083506939,0.0020759238276085073,
1143,1619046668228,0.000283214788350694,0.0020759238276085073,
1144,1619046668420,0.000161144473350694,0.0020759238276085073,
1145,1619046668614,0.000161144473350694,0.0018317832076085072,
1146,1619046668804,0.000161144473350694,0.0020148886776085073,
1147,1619046668997,0.00022217962835069401,0.0020148886776085073,
1148,1619046669191,0.000283214788350694,0.0020148886776085073,
1149,1619046669380,0.00022217962835069401,0.002136958987608507,
1150,1619046669573,0.00010010931735069401,0.002136958987608507,
1151,1619046669764,0.000344249928350694,0.002197994147608507,
