1619046448814,4.5776367E-5,-3.0517578E-5,-6.1035156E-5
1619046449007,4.5776367E-5,4.5776367E-5,-1.2207031E-4
1619046449200,-1.9836426E-4,-7.6293945E-5,6.1035156E-5
1619046449390,-6.2561035E-4,4.5776367E-5,1.8310547E-4
1619046449582,2.2888184E-4,-1.9836426E-4,0.0
1619046449774,1.0681152E-4,1.0681152E-4,-6.1035156E-5
1619046449966,-1.5258789E-5,1.6784668E-4,6.1035156E-5
1619046450158,1.0681152E-4,4.5776367E-5,0.0
1619046450350,1.0681152E-4,-1.373291E-4,0.0
1619046450542,1.6784668E-4,1.0681152E-4,1.2207031E-4
1619046450734,4.5776367E-5,4.5776367E-5,-6.1035156E-5
1619046450926,6.5612793E-4,6.5612793E-4,0.0
1619046451118,-3.2043457E-4,-6.4086914E-4,-6.1035156E-5
1619046451310,4.5776367E-5,-1.373291E-4,0.0
1619046451501,1.6784668E-4,1.0681152E-4,-6.1035156E-5
1619046451694,4.5776367E-5,4.5776367E-5,-6.1035156E-5
1619046451885,-1.373291E-4,-1.373291E-4,1.2207031E-4
1619046452077,-1.5258789E-5,-1.5258789E-5,6.1035156E-5
1619046452269,-7.6293945E-5,-7.6293945E-5,1.2207031E-4
1619046452461,-1.5258789E-5,2.2888184E-4,0.0
1619046452653,1.6784668E-4,-7.6293945E-5,-6.1035156E-5
1619046452845,-1.373291E-4,-7.6293945E-5,6.1035156E-5
1619046453037,1.0681152E-4,9.1552734E-5,6.1035156E-5
1619046453229,2.2888184E-4,-7.6293945E-5,1.2207031E-4
1619046453421,1.0681152E-4,4.5776367E-5,1.8310547E-4
1619046453613,-7.6293945E-5,1.6784668E-4,6.1035156E-5
1619046453805,2.2888184E-4,-1.373291E-4,2.4414062E-4
1619046453997,0.0027313232,0.003829956,-1.8310547E-4
1619046454189,-0.0022125244,-0.003692627,-6.1035156E-5
1619046454381,2.2888184E-4,2.2888184E-4,2.4414062E-4
1619046454573,0.0032196045,0.0054779053,1.2207031E-4
1619046454766,-0.0031280518,-0.0054626465,0.0
1619046454957,0.0017547607,0.0032196045,1.2207031E-4
1619046455151,-0.0015411377,-0.002960205,6.1035156E-5
1619046455341,0.0027923584,0.0051116943,3.6621094E-4
1619046455533,-0.0023345947,-0.0047912598,6.1035156E-5
1619046455725,4.5776367E-5,4.5776367E-5,0.0
1619046455917,0.0016326904,0.0029754639,1.8310547E-4
1619046456109,-0.0016021729,-0.0027770996,1.2207031E-4
1619046456301,4.5776367E-5,-1.373291E-4,1.2207031E-4
1619046456494,-7.6293945E-5,1.0681152E-4,6.1035156E-5
1619046456689,1.0681152E-4,4.5776367E-5,1.2207031E-4
1619046456879,1.6784668E-4,4.5776367E-5,0.0
1619046457071,4.119873E-4,4.5776367E-5,0.0
1619046457262,5.950928E-4,1.0681152E-4,6.1035156E-5
1619046457454,9.613037E-4,8.8500977E-4,-1.8310547E-4
1619046457646,-0.0011749268,-0.002090454,-1.8310547E-4
1619046457838,-4.4250488E-4,2.89917E-4,6.1035156E-5
1619046458030,-5.645752E-4,1.0681152E-4,-2.4414062E-4
1619046458222,-3.8146973E-4,2.2888184E-4,-6.1035156E-5
1619046458412,-6.2561035E-4,-3.2043457E-4,-6.1035156E-4
1619046458604,-7.6293945E-5,3.5095215E-4,-6.1035156E-5
1619046458797,-3.2043457E-4,1.0681152E-4,-6.1035156E-5
1619046458990,7.7819824E-4,-5.0354004E-4,6.713867E-4
1619046459182,4.5776367E-5,-1.373291E-4,4.272461E-4
1619046459374,4.5776367E-5,1.6784668E-4,2.4414062E-4
1619046459565,-0.0065460205,6.5612793E-4,-0.26701355
1619046459756,-0.006668091,0.0076141357,-0.6466675
1619046459949,-0.0034332275,0.0036468506,-0.33616638
1619046460140,-7.6293945E-5,4.5776367E-5,0.0
1619046460333,-1.5258789E-5,-1.5258789E-5,1.8310547E-4
1619046460525,4.7302246E-4,-1.5258789E-5,6.1035156E-5
1619046460717,2.89917E-4,4.5776367E-5,1.8310547E-4
1619046460908,1.0681152E-4,-1.5258789E-5,6.1035156E-5
1619046461100,-1.9836426E-4,-7.6293945E-5,0.0
1619046461292,-7.6293945E-5,4.5776367E-5,1.2207031E-4
1619046461484,-1.9836426E-4,4.5776367E-5,-6.1035156E-5
1619046461678,2.89917E-4,1.0681152E-4,6.1035156E-5
1619046461870,1.6784668E-4,-1.5258789E-5,0.0
1619046462061,4.7302246E-4,1.0681152E-4,-6.1035156E-5
1619046462254,4.5776367E-5,-1.5258789E-5,-1.2207031E-4
1619046462445,2.89917E-4,4.5776367E-5,0.0
1619046462637,1.6784668E-4,4.5776367E-5,-1.8310547E-4
1619046462829,4.5776367E-5,4.5776367E-5,1.2207031E-4
1619046463021,1.6784668E-4,2.2888184E-4,-1.8310547E-4
1619046463213,-1.5258789E-5,4.5776367E-5,6.1035156E-5
1619046463407,-7.6293945E-5,4.5776367E-5,0.0
1619046463597,4.5776367E-5,-9.1552734E-5,-6.1035156E-5
1619046463788,1.6784668E-4,4.5776367E-5,0.0
1619046463980,1.5258789E-4,-4.5776367E-5,0.0
1619046464172,-3.0517578E-5,1.5258789E-5,6.1035156E-5
1619046464364,1.5258789E-4,-1.0681152E-4,0.0
1619046464556,1.5258789E-4,1.5258789E-5,6.1035156E-5
1619046464748,-9.1552734E-5,1.373291E-4,-1.8310547E-4
1619046464939,-9.1552734E-5,-2.4414062E-4,-6.1035156E-5
1619046465132,-1.5258789E-4,1.373291E-4,6.1035156E-5
1619046465324,-9.1552734E-5,7.6293945E-5,-6.1035156E-5
1619046465515,-2.746582E-4,7.6293945E-5,6.1035156E-5
1619046465708,-9.1552734E-5,1.9836426E-4,-1.2207031E-4
1619046465899,-1.5258789E-4,-2.4414062E-4,0.0
1619046466093,-4.5776367E-4,-2.4414062E-4,2.4414062E-4
1619046466284,-9.1552734E-5,1.5258789E-5,-1.2207031E-4
1619046466476,2.1362305E-4,-4.5776367E-5,6.1035156E-5
1619046466668,1.5258789E-4,1.373291E-4,6.1035156E-5
1619046466860,1.5258789E-4,-1.0681152E-4,0.0
1619046467050,3.0517578E-5,-4.5776367E-5,6.1035156E-5
1619046467243,-9.1552734E-5,1.373291E-4,-6.1035156E-5
1619046467434,9.1552734E-5,1.9836426E-4,6.1035156E-5
1619046467626,-2.746582E-4,1.373291E-4,6.1035156E-5
1619046467818,-3.0517578E-5,1.5258789E-5,-6.1035156E-5
1619046468011,9.1552734E-5,2.593994E-4,-6.1035156E-5
1619046468202,3.0517578E-5,7.6293945E-5,-6.1035156E-5
1619046468394,3.0517578E-5,-1.2207031E-4,1.2207031E-4
1619046468586,-2.746582E-4,1.5258789E-5,-1.8310547E-4
1619046468778,1.5258789E-4,1.373291E-4,0.0
1619046468970,-3.0517578E-5,1.5258789E-5,6.1035156E-5
1619046469162,2.1362305E-4,1.5258789E-5,-1.8310547E-4
1619046469354,2.1362305E-4,-4.5776367E-5,-2.4414062E-4
1619046469546,-2.1362305E-4,7.6293945E-5,6.1035156E-5
1619046469738,-3.0517578E-5,-6.1035156E-5,6.1035156E-5
1619046469930,3.0517578E-5,1.5258789E-5,1.2207031E-4
1619046470122,1.5258789E-4,-1.0681152E-4,1.2207031E-4
1619046470314,-5.187988E-4,-2.2888184E-4,6.1035156E-5
1619046470507,-3.3569336E-4,1.9836426E-4,1.8310547E-4
1619046470699,-3.0517578E-5,-1.0681152E-4,-1.8310547E-4
1619046470890,5.187988E-4,7.6293945E-5,1.2207031E-4
1619046471083,3.0517578E-5,1.9836426E-4,0.0
1619046471275,3.0517578E-5,1.9836426E-4,-6.1035156E-5
1619046471467,1.5258789E-4,7.6293945E-5,6.1035156E-5
1619046471659,-3.0517578E-5,1.5258789E-5,6.1035156E-5
1619046471851,-1.5258789E-4,-1.6784668E-4,-6.1035156E-5
1619046472043,-3.0517578E-5,-1.6784668E-4,6.1035156E-5
1619046472233,-2.1362305E-4,-1.6784668E-4,-1.8310547E-4
1619046472427,3.0517578E-5,1.373291E-4,1.8310547E-4
1619046472619,-1.5258789E-4,7.6293945E-5,1.8310547E-4
1619046472812,-2.1362305E-4,-4.5776367E-5,-6.1035156E-5
1619046473003,-9.1552734E-5,-4.272461E-4,-1.2207031E-4
1619046473194,2.1362305E-4,-1.0681152E-4,6.1035156E-5
1619046473386,2.1362305E-4,1.5258789E-5,6.1035156E-5
1619046473578,9.1552734E-5,1.373291E-4,0.0
1619046473771,-3.9672852E-4,-6.1035156E-5,0.0
1619046473963,9.1552734E-5,1.373291E-4,-6.1035156E-5
1619046474156,2.1362305E-4,-4.5776367E-5,2.4414062E-4
1619046474346,-2.1362305E-4,-4.5776367E-5,1.2207031E-4
1619046474539,-9.1552734E-5,-1.0681152E-4,6.1035156E-5
1619046474730,1.5258789E-4,1.5258789E-5,-6.1035156E-5
1619046474922,-4.5776367E-4,-1.2207031E-4,-1.8310547E-4
1619046475114,-3.3569336E-4,-1.0681152E-4,0.0
1619046475307,-2.1362305E-4,-4.5776367E-5,1.2207031E-4
1619046475498,6.4086914E-4,1.373291E-4,0.0
1619046475691,3.0517578E-5,1.5258789E-5,6.1035156E-5
1619046475882,-2.1362305E-4,-4.5776367E-5,1.2207031E-4
1619046476073,2.1362305E-4,-4.5776367E-5,0.0
1619046476264,3.0517578E-5,-4.5776367E-5,0.0
1619046476456,0.0032653809,0.007095337,6.1035156E-5
1619046476648,-0.0032043457,-0.006958008,-1.2207031E-4
1619046476840,0.013534546,0.029937744,-4.8828125E-4
1619046477032,-0.013519287,-0.029800415,1.2207031E-4
1619046477224,0.01322937,0.029510498,-7.324219E-4
1619046477416,-0.01322937,-0.02961731,6.1035156E-5
1619046477608,3.9672852E-4,3.8146973E-4,-1.2207031E-4
1619046477800,-2.746582E-4,-4.7302246E-4,6.1035156E-5
1619046477992,0.00869751,0.01889038,3.0517578E-4
1619046478184,-0.008636475,-0.018981934,1.8310547E-4
1619046478376,0.012374878,0.028045654,-1.2207031E-4
1619046478568,-0.012374878,-0.028030396,0.0
1619046478760,0.0047302246,0.008743286,2.4414062E-4
1619046478952,-0.0049743652,-0.008422852,-1.2207031E-4
1619046479144,0.010116577,0.022735596,-1.8310547E-4
1619046479336,-0.010284424,-0.022842407,-6.1035156E-5
1619046479528,1.5258789E-4,-4.5776367E-5,1.2207031E-4
1619046479720,-3.3569336E-4,-1.0681152E-4,6.1035156E-5
1619046479912,-3.3569336E-4,1.5258789E-5,0.0
1619046480104,-2.1362305E-4,1.373291E-4,-1.2207031E-4
1619046480295,3.9672852E-4,7.6293945E-5,-1.2207031E-4
1619046480488,9.1552734E-5,-2.4414062E-4,6.1035156E-5
1619046480680,3.0517578E-5,1.5258789E-5,0.0
1619046480872,9.1552734E-5,7.6293945E-5,6.1035156E-5
1619046481064,1.5258789E-4,1.5258789E-5,-6.1035156E-5
1619046481255,-3.3569336E-4,-4.5776367E-5,-6.1035156E-5
1619046481448,3.0517578E-5,7.6293945E-5,-6.1035156E-5
1619046481640,-3.0517578E-5,-1.0681152E-4,-1.2207031E-4
1619046481833,-3.0517578E-5,1.5258789E-5,1.5258789E-5
1619046482023,7.019043E-4,-4.5776367E-5,-1.0681152E-4
1619046482215,-3.9672852E-4,7.6293945E-5,-4.5776367E-5
1619046482407,9.1552734E-5,1.5258789E-5,-1.0681152E-4
1619046482600,3.0517578E-5,1.5258789E-5,1.5258789E-5
1619046482791,9.1552734E-5,1.373291E-4,-4.5776367E-5
1619046482985,9.1552734E-5,1.9836426E-4,1.5258789E-5
1619046483175,1.5258789E-4,-1.0681152E-4,1.5258789E-5
1619046483369,2.746582E-4,1.5258789E-5,-1.0681152E-4
1619046483559,9.1552734E-5,1.5258789E-5,1.5258789E-5
1619046483759,6.4086914E-4,1.5258789E-5,-4.5776367E-5
1619046483943,-5.79834E-4,1.5258789E-5,-4.5776367E-5
1619046484135,9.1552734E-5,7.6293945E-5,1.5258789E-5
1619046484327,3.0517578E-5,1.5258789E-5,1.373291E-4
1619046484519,3.0517578E-5,1.9836426E-4,1.5258789E-5
1619046484711,3.3569336E-4,1.5258789E-5,-1.0681152E-4
1619046484903,-1.5258789E-4,1.373291E-4,7.6293945E-5
1619046485095,0.0010681152,0.0014190674,-1.6784668E-4
1619046485286,-9.460449E-4,-0.0013275146,-4.5776367E-5
1619046485478,1.5258789E-4,-4.5776367E-5,1.5258789E-5
1619046485670,3.3569336E-4,-1.0681152E-4,3.2043457E-4
1619046485862,9.1552734E-5,1.5258789E-5,-1.6784668E-4
1619046486055,-9.1552734E-5,7.6293945E-5,-4.5776367E-5
1619046486252,1.5258789E-4,-1.0681152E-4,-1.0681152E-4
1619046486438,2.1362305E-4,-4.5776367E-5,1.5258789E-5
1619046486630,-2.746582E-4,1.5258789E-5,1.9836426E-4
1619046486822,9.1552734E-5,1.373291E-4,-1.0681152E-4
1619046487014,2.1362305E-4,-1.0681152E-4,1.373291E-4
1619046487206,2.1362305E-4,1.9836426E-4,-1.0681152E-4
1619046487399,3.9672852E-4,7.6293945E-5,1.373291E-4
1619046487591,9.1552734E-5,7.6293945E-5,-4.5776367E-5
1619046487784,3.0517578E-5,-4.5776367E-5,-1.0681152E-4
1619046487974,1.5258789E-4,1.5258789E-5,-1.6784668E-4
1619046488166,1.5258789E-4,7.6293945E-5,1.5258789E-5
1619046488359,1.5258789E-4,-4.5776367E-5,7.6293945E-5
1619046488551,9.1552734E-5,1.373291E-4,-4.5776367E-5
1619046488742,1.5258789E-4,-4.5776367E-5,-4.5776367E-5
1619046488934,-2.1362305E-4,-4.5776367E-5,-1.0681152E-4
1619046489127,-3.0517578E-5,1.5258789E-5,-4.5776367E-5
1619046489319,-1.5258789E-4,-4.5776367E-5,-4.119873E-4
1619046489510,-3.9672852E-4,1.5258789E-5,7.6293945E-5
1619046489705,5.79834E-4,7.6293945E-5,1.5258789E-5
1619046489895,1.5258789E-4,1.373291E-4,7.6293945E-5
1619046490086,2.1362305E-4,1.5258789E-5,-1.0681152E-4
1619046490278,9.1552734E-5,1.5258789E-5,-4.5776367E-5
1619046490470,9.1552734E-5,2.593994E-4,1.373291E-4
1619046490663,3.3569336E-4,1.5258789E-5,-1.0681152E-4
1619046490854,9.1552734E-5,-4.5776367E-5,-4.5776367E-5
1619046491046,9.1552734E-5,7.6293945E-5,-1.0681152E-4
1619046491238,2.1362305E-4,-4.5776367E-5,-4.5776367E-5
1619046491429,2.746582E-4,7.6293945E-5,-1.0681152E-4
1619046491621,-3.0517578E-5,-1.0681152E-4,-1.0681152E-4
1619046491816,9.1552734E-5,7.6293945E-5,-4.5776367E-5
1619046492005,9.1552734E-5,7.6293945E-5,-1.0681152E-4
1619046492197,-9.1552734E-5,-4.5776367E-5,-4.5776367E-5
1619046492389,1.5258789E-4,1.5258789E-5,-1.0681152E-4
1619046492582,-2.1362305E-4,1.9836426E-4,7.6293945E-5
1619046492773,0.012130737,0.027313232,-4.5776367E-5
1619046492965,-0.012191772,-0.027420044,1.5258789E-5
1619046493157,-9.1552734E-5,1.5258789E-5,7.6293945E-5
1619046493349,1.5258789E-4,7.6293945E-5,-1.6784668E-4
1619046493541,-1.5258789E-4,1.9836426E-4,-2.2888184E-4
1619046493736,-3.0517578E-5,-1.0681152E-4,-4.5776367E-5
1619046493925,-1.5258789E-4,1.5258789E-5,1.5258789E-5
1619046494117,2.746582E-4,-4.5776367E-5,-3.5095215E-4
1619046494309,-2.1362305E-4,1.373291E-4,-1.0681152E-4
1619046494501,-1.5258789E-4,-6.1035156E-5,-1.6784668E-4
1619046494694,-9.1552734E-5,7.6293945E-5,-1.6784668E-4
1619046494884,1.5258789E-4,7.6293945E-5,-1.0681152E-4
1619046495077,-2.1362305E-4,-1.6784668E-4,1.5258789E-5
1619046495269,1.5258789E-4,1.5258789E-5,-4.5776367E-5
1619046495460,9.1552734E-5,1.373291E-4,-2.89917E-4
1619046495652,-2.746582E-4,1.5258789E-5,1.9836426E-4
1619046495845,3.3569336E-4,1.9836426E-4,-2.2888184E-4
1619046496036,-9.1552734E-5,-4.5776367E-5,-4.5776367E-5
1619046496230,9.1552734E-5,1.9836426E-4,1.5258789E-5
1619046496422,-3.0517578E-5,7.6293945E-5,7.6293945E-5
1619046496613,9.1552734E-5,-4.5776367E-5,-1.0681152E-4
1619046496806,-9.1552734E-5,1.373291E-4,1.373291E-4
1619046496998,9.1552734E-5,1.373291E-4,7.6293945E-5
1619046497188,1.5258789E-4,-4.5776367E-5,-1.0681152E-4
1619046497380,0.008224487,0.017120361,-0.029678345
1619046497572,-0.009063721,-0.016784668,-0.008422852
1619046497764,1.5258789E-4,1.5258789E-5,-1.0681152E-4
1619046497958,2.746582E-4,1.9836426E-4,1.5258789E-5
1619046498149,4.5776367E-4,1.5258789E-5,1.373291E-4
1619046498342,5.187988E-4,1.9836426E-4,-1.0681152E-4
1619046498534,3.0517578E-5,7.6293945E-5,1.5258789E-5
1619046498725,2.746582E-4,7.6293945E-5,-4.5776367E-5
1619046498917,3.0517578E-5,-4.5776367E-5,1.5258789E-5
1619046499109,-9.1552734E-5,1.5258789E-5,-4.5776367E-5
1619046499300,-2.1362305E-4,1.373291E-4,-1.0681152E-4
1619046499494,3.0517578E-5,7.6293945E-5,7.6293945E-5
1619046499683,9.1552734E-5,1.5258789E-5,-4.5776367E-5
1619046499876,1.5258789E-4,1.5258789E-5,-4.5776367E-5
1619046500069,3.3569336E-4,1.9836426E-4,-2.2888184E-4
1619046500260,2.746582E-4,7.6293945E-5,-1.6784668E-4
1619046500453,1.5258789E-4,-4.5776367E-5,-1.0681152E-4
1619046500645,2.1362305E-4,1.5258789E-5,-1.0681152E-4
1619046500836,3.0517578E-5,1.373291E-4,1.5258789E-5
1619046501029,2.1362305E-4,7.6293945E-5,-4.5776367E-5
1619046501221,2.1362305E-4,-1.0681152E-4,1.373291E-4
1619046501412,2.1362305E-4,7.6293945E-5,-2.2888184E-4
1619046501605,9.1552734E-5,7.6293945E-5,-4.5776367E-5
1619046501796,1.5258789E-4,-1.0681152E-4,-2.2888184E-4
1619046501988,1.5258789E-4,7.6293945E-5,1.9836426E-4
1619046502182,3.0517578E-5,1.373291E-4,-1.6784668E-4
1619046502382,9.1552734E-5,-4.5776367E-5,1.5258789E-5
1619046502564,-3.0517578E-5,-1.0681152E-4,1.5258789E-5
1619046502759,-3.0517578E-5,-1.6784668E-4,-4.5776367E-5
1619046502949,3.3569336E-4,1.9836426E-4,1.5258789E-5
1619046503140,9.1552734E-5,1.373291E-4,1.373291E-4
1619046503332,3.3569336E-4,1.9836426E-4,1.373291E-4
1619046503524,-3.0517578E-5,1.5258789E-5,-1.0681152E-4
1619046503717,-4.5776367E-4,2.593994E-4,-4.5776367E-5
1619046503908,9.1552734E-5,-4.5776367E-5,1.5258789E-5
1619046504100,1.5258789E-4,1.5258789E-5,3.2043457E-4
1619046504292,2.1362305E-4,1.373291E-4,1.9836426E-4
1619046504483,3.3569336E-4,1.5258789E-5,1.9836426E-4
1619046504676,-1.5258789E-4,-4.5776367E-5,1.373291E-4
1619046504868,-9.1552734E-5,7.6293945E-5,1.373291E-4
1619046505060,-2.1362305E-4,-1.0681152E-4,4.4250488E-4
1619046505252,3.0517578E-5,-2.89917E-4,3.2043457E-4
1619046505444,6.4086914E-4,-4.5776367E-5,2.593994E-4
1619046505636,5.187988E-4,7.6293945E-5,1.9836426E-4
1619046505830,2.746582E-4,-1.0681152E-4,2.593994E-4
1619046506020,2.1362305E-4,1.5258789E-5,3.8146973E-4
1619046506211,-9.1552734E-5,1.9836426E-4,2.593994E-4
1619046506403,2.746582E-4,-1.0681152E-4,4.4250488E-4
1619046506594,2.1362305E-4,7.6293945E-5,3.2043457E-4
1619046506788,1.5258789E-4,7.6293945E-5,1.373291E-4
1619046506978,2.746582E-4,7.6293945E-5,4.4250488E-4
1619046507172,-2.1362305E-4,-2.89917E-4,3.2043457E-4
1619046507365,3.3569336E-4,1.9836426E-4,1.9836426E-4
1619046507556,3.3569336E-4,1.5258789E-5,3.2043457E-4
1619046507746,8.239746E-4,1.373291E-4,3.2043457E-4
1619046507938,-1.5258789E-4,-1.0681152E-4,2.593994E-4
1619046508130,0.0046081543,0.007827759,3.2043457E-4
1619046508322,-0.004119873,-0.007446289,1.9836426E-4
1619046508514,0.0027160645,0.00440979,4.4250488E-4
1619046508706,-0.0022277832,-0.0045776367,1.9836426E-4
1619046508898,2.746582E-4,-1.0681152E-4,2.593994E-4
1619046509089,1.5258789E-4,1.5258789E-5,3.8146973E-4
1619046509282,0.0026550293,0.00440979,3.2043457E-4
1619046509473,-0.0023498535,-0.0043945312,4.4250488E-4
1619046509665,4.5776367E-4,7.6293945E-5,1.5258789E-5
1619046509857,-3.0517578E-5,1.5258789E-5,3.8146973E-4
1619046510049,1.5258789E-4,-4.5776367E-5,1.9836426E-4
1619046510241,3.0517578E-5,-4.5776367E-5,3.8146973E-4
1619046510433,3.3569336E-4,-1.6784668E-4,3.2043457E-4
1619046510625,-1.5258789E-4,7.6293945E-5,3.8146973E-4
1619046510818,9.1552734E-5,-1.6784668E-4,2.593994E-4
1619046511009,0.013900757,0.029693604,-0.0029754639
1619046511201,-0.013534546,-0.02961731,-0.0019378662
1619046511393,2.746582E-4,1.5258789E-5,2.593994E-4
1619046511586,4.5776367E-4,-1.6784668E-4,2.593994E-4
1619046511781,9.1552734E-5,1.5258789E-5,3.8146973E-4
1619046511970,3.0517578E-5,1.5258789E-5,5.0354004E-4
1619046512162,1.5258789E-4,7.6293945E-5,2.593994E-4
1619046512353,-5.79834E-4,-2.2888184E-4,2.593994E-4
1619046512545,3.0517578E-5,-4.5776367E-5,7.6293945E-5
1619046512738,2.1362305E-4,1.373291E-4,5.0354004E-4
1619046512930,1.5258789E-4,1.373291E-4,7.6293945E-5
1619046513123,3.3569336E-4,1.373291E-4,1.9836426E-4
1619046513313,3.3569336E-4,1.373291E-4,4.4250488E-4
1619046513506,9.1552734E-5,7.6293945E-5,5.0354004E-4
1619046513698,2.746582E-4,1.373291E-4,2.593994E-4
1619046513890,2.746582E-4,1.373291E-4,1.373291E-4
1619046514083,9.1552734E-5,-4.5776367E-5,5.0354004E-4
1619046514274,-3.0517578E-5,-1.6784668E-4,6.2561035E-4
1619046514466,9.1552734E-5,-1.0681152E-4,5.0354004E-4
1619046514658,-2.1362305E-4,-4.5776367E-5,3.2043457E-4
1619046514849,5.187988E-4,-4.5776367E-5,5.0354004E-4
1619046515047,5.79834E-4,1.5258789E-5,3.8146973E-4
1619046515234,3.9672852E-4,-1.6784668E-4,1.373291E-4
1619046515426,-2.1362305E-4,-3.6621094E-4,5.0354004E-4
1619046515617,4.5776367E-4,1.5258789E-5,3.8146973E-4
1619046515809,4.5776367E-4,7.6293945E-5,4.4250488E-4
1619046516002,4.5776367E-4,-1.0681152E-4,5.0354004E-4
1619046516193,3.3569336E-4,1.373291E-4,1.9836426E-4
1619046516384,3.3569336E-4,1.5258789E-5,5.645752E-4
1619046516577,2.746582E-4,7.6293945E-5,3.2043457E-4
1619046516770,3.9672852E-4,-4.5776367E-5,4.4250488E-4
1619046516962,2.1362305E-4,1.373291E-4,3.8146973E-4
1619046517154,9.1552734E-5,-4.5776367E-5,5.0354004E-4
1619046517346,3.9672852E-4,1.373291E-4,4.4250488E-4
1619046517536,2.746582E-4,7.6293945E-5,3.2043457E-4
1619046517728,2.746582E-4,-4.5776367E-5,6.2561035E-4
1619046517920,5.187988E-4,1.2207031E-4,3.2043457E-4
1619046518112,2.746582E-4,1.5258789E-5,3.2043457E-4
1619046518304,1.5258789E-4,-4.5776367E-5,1.373291E-4
1619046518496,6.4086914E-4,1.9836426E-4,3.2043457E-4
1619046518688,-9.1552734E-5,-4.5776367E-5,3.2043457E-4
1619046518881,0.0023498535,0.0029449463,3.2043457E-4
1619046519071,-0.0019836426,-0.0029754639,4.4250488E-4
1619046519264,0.009628296,0.021392822,3.2043457E-4
1619046519455,-0.009002686,-0.021133423,5.0354004E-4
1619046519648,8.239746E-4,4.4250488E-4,5.0354004E-4
1619046519839,-3.9672852E-4,-2.89917E-4,1.373291E-4
1619046520031,3.9672852E-4,1.5258789E-5,3.8146973E-4
1619046520223,2.746582E-4,-1.0681152E-4,3.8146973E-4
1619046520415,5.79834E-4,1.2207031E-4,1.9836426E-4
1619046520607,-1.5258789E-4,-5.493164E-4,1.373291E-4
1619046520799,-3.0517578E-5,-4.5776367E-5,1.9836426E-4
1619046520991,3.0517578E-5,1.5258789E-5,2.593994E-4
1619046521183,-8.239746E-4,1.5258789E-5,3.8146973E-4
1619046521375,9.1552734E-5,1.9836426E-4,2.593994E-4
1619046521567,3.3569336E-4,1.373291E-4,3.8146973E-4
1619046521764,7.6293945E-4,1.373291E-4,1.373291E-4
1619046521953,4.5776367E-4,3.2043457E-4,3.8146973E-4
1619046522144,3.0517578E-5,1.373291E-4,3.8146973E-4
1619046522335,9.1552734E-5,7.6293945E-5,3.8146973E-4
1619046522529,1.5258789E-4,7.6293945E-5,1.373291E-4
1619046522721,9.1552734E-5,7.6293945E-5,2.593994E-4
1619046522912,9.1552734E-5,-4.5776367E-5,2.593994E-4
1619046523104,2.746582E-4,1.373291E-4,7.6293945E-5
1619046523296,1.5258789E-4,1.373291E-4,5.0354004E-4
1619046523488,2.1362305E-4,7.6293945E-5,7.6293945E-5
1619046523681,9.1552734E-5,7.6293945E-5,2.593994E-4
1619046523872,3.9672852E-4,7.6293945E-5,3.8146973E-4
1619046524063,2.1362305E-4,-1.0681152E-4,3.2043457E-4
1619046524257,9.1552734E-5,7.6293945E-5,2.593994E-4
1619046524448,1.5258789E-4,-1.0681152E-4,3.8146973E-4
1619046524639,3.0517578E-5,-2.4414062E-4,1.9836426E-4
1619046524832,-9.1552734E-5,-4.5776367E-5,3.2043457E-4
1619046525024,1.5258789E-4,7.6293945E-5,2.593994E-4
1619046525216,3.9672852E-4,-1.6784668E-4,3.2043457E-4
1619046525408,2.746582E-4,-1.0681152E-4,4.4250488E-4
1619046525600,9.1552734E-5,-1.6784668E-4,2.593994E-4
1619046525792,1.5258789E-4,-4.5776367E-5,1.5258789E-5
1619046525984,9.1552734E-5,1.5258789E-5,1.373291E-4
1619046526175,1.5258789E-4,1.373291E-4,1.9836426E-4
1619046526366,0.001739502,7.4768066E-4,1.9836426E-4
1619046526558,-8.239746E-4,-6.5612793E-4,2.593994E-4
1619046526750,2.746582E-4,7.6293945E-5,1.9836426E-4
1619046526942,-3.9672852E-4,1.5258789E-5,1.5258789E-5
1619046527134,5.79834E-4,1.9836426E-4,2.593994E-4
1619046527326,-4.5776367E-4,-2.89917E-4,1.373291E-4
1619046527518,0.007247925,0.015029907,3.2043457E-4
1619046527710,-0.0071105957,-0.015197754,3.8146973E-4
1619046527902,0.013595581,0.026519775,-1.6784668E-4
1619046528094,-0.01335144,-0.026382446,5.0354004E-4
1619046528286,0.013534546,0.028533936,-4.7302246E-4
1619046528478,-0.013214111,-0.028640747,2.593994E-4
1619046528670,0.014694214,0.03213501,7.6293945E-5
1619046528862,-0.014389038,-0.032546997,4.4250488E-4
1619046529053,0.012863159,0.02810669,1.5258789E-5
1619046529246,-0.012664795,-0.02796936,1.373291E-4
1619046529437,1.5258789E-4,1.5258789E-5,2.593994E-4
1619046529629,2.1362305E-4,-4.5776367E-5,1.373291E-4
1619046529821,2.1362305E-4,-4.5776367E-5,3.2043457E-4
1619046530015,2.746582E-4,-1.0681152E-4,1.9836426E-4
1619046530205,9.1552734E-5,1.9836426E-4,1.9836426E-4
1619046530398,1.5258789E-4,-4.5776367E-5,1.9836426E-4
1619046530591,-3.0517578E-5,7.6293945E-5,1.373291E-4
1619046530781,0.010238647,0.022491455,7.6293945E-5
1619046530973,-0.010284424,-0.022659302,3.8146973E-4
1619046531165,-1.5258789E-4,-1.0681152E-4,3.8146973E-4
1619046531358,2.746582E-4,1.5258789E-5,1.9836426E-4
1619046531551,5.187988E-4,1.9836426E-4,3.8146973E-4
1619046531743,4.5776367E-4,-4.5776367E-5,3.2043457E-4
1619046531934,6.4086914E-4,7.6293945E-5,1.9836426E-4
1619046532127,2.746582E-4,1.5258789E-5,5.0354004E-4
1619046532322,3.3569336E-4,-4.5776367E-5,3.8146973E-4
1619046532512,4.5776367E-4,1.5258789E-5,4.4250488E-4
1619046532703,2.746582E-4,-4.5776367E-5,2.593994E-4
1619046532893,3.3569336E-4,7.6293945E-5,3.8146973E-4
1619046533087,3.0517578E-5,-3.6621094E-4,5.0354004E-4
1619046533279,3.9672852E-4,7.6293945E-5,5.0354004E-4
1619046533470,-2.1362305E-4,-2.4414062E-4,4.4250488E-4
1619046533662,6.4086914E-4,-4.5776367E-5,1.373291E-4
1619046533854,4.5776367E-4,-4.5776367E-5,1.373291E-4
1619046534046,3.3569336E-4,1.5258789E-5,3.2043457E-4
1619046534238,2.746582E-4,7.6293945E-5,4.4250488E-4
1619046534428,4.5776367E-4,1.9836426E-4,3.8146973E-4
1619046534620,0.009689331,0.01852417,7.6293945E-5
1619046534812,-0.008880615,-0.01838684,5.0354004E-4
1619046535004,0.013534546,0.02670288,1.373291E-4
1619046535196,-0.012786865,-0.026687622,4.4250488E-4
1619046535388,0.0047912598,0.00819397,3.2043457E-4
1619046535580,-0.0039978027,-0.008361816,5.645752E-4
1619046535774,0.0038757324,0.005874634,4.4250488E-4
1619046535964,-0.0032043457,-0.005859375,3.8146973E-4
1619046536156,0.0030822754,0.003982544,3.2043457E-4
1619046536348,-0.0027770996,-0.0041503906,3.8146973E-4
1619046536540,8.8500977E-4,1.373291E-4,3.2043457E-4
1619046536732,3.0517578E-5,-4.272461E-4,2.593994E-4
1619046536924,9.1552734E-5,-1.6784668E-4,3.8146973E-4
1619046537116,1.5258789E-4,1.5258789E-5,1.373291E-4
1619046537308,3.0517578E-5,-4.5776367E-5,2.593994E-4
1619046537500,1.5258789E-4,7.6293945E-5,3.8146973E-4
1619046537692,2.1362305E-4,7.6293945E-5,2.593994E-4
1619046537885,2.1362305E-4,1.5258789E-5,2.593994E-4
1619046538078,2.1362305E-4,-4.5776367E-5,1.373291E-4
1619046538269,9.1552734E-5,7.6293945E-5,3.8146973E-4
1619046538461,2.1362305E-4,-4.5776367E-5,1.9836426E-4
1619046538652,9.1552734E-5,3.8146973E-4,-0.027786255
1619046538844,-3.9672852E-4,-4.5776367E-5,5.645752E-4
1619046539037,3.3569336E-4,1.373291E-4,1.373291E-4
1619046539229,1.5258789E-4,1.9836426E-4,1.5258789E-5
1619046539421,-3.0517578E-5,7.6293945E-5,1.373291E-4
1619046539613,4.5776367E-4,1.373291E-4,2.593994E-4
1619046539804,6.4086914E-4,1.9836426E-4,2.593994E-4
1619046539997,2.746582E-4,-4.5776367E-5,3.8146973E-4
1619046540188,2.1362305E-4,7.6293945E-5,7.6293945E-5
1619046540379,3.0517578E-5,-1.6784668E-4,3.2043457E-4
1619046540573,9.1552734E-5,-4.5776367E-5,1.9836426E-4
1619046540765,2.1362305E-4,1.5258789E-5,3.2043457E-4
1619046540956,3.3569336E-4,-2.4414062E-4,1.9836426E-4
1619046541149,1.5258789E-4,1.373291E-4,1.5258789E-5
1619046541340,1.5258789E-4,7.6293945E-5,4.4250488E-4
1619046541532,2.746582E-4,1.5258789E-5,1.373291E-4
1619046541724,2.746582E-4,-1.6784668E-4,1.9836426E-4
1619046541920,1.5258789E-4,1.5258789E-5,2.593994E-4
1619046542108,2.1362305E-4,1.5258789E-5,3.2043457E-4
1619046542301,1.5258789E-4,-1.0681152E-4,1.373291E-4
1619046542491,9.1552734E-5,2.593994E-4,3.2043457E-4
1619046542684,1.5258789E-4,1.5258789E-5,1.9836426E-4
1619046542883,2.1362305E-4,-1.0681152E-4,1.9836426E-4
1619046543067,-1.5258789E-4,-1.0681152E-4,-4.5776367E-5
1619046543260,-3.0517578E-5,-2.4414062E-4,1.373291E-4
1619046543452,3.0517578E-5,1.5258789E-5,3.8146973E-4
1619046543644,2.1362305E-4,1.5258789E-5,1.373291E-4
1619046543836,2.1362305E-4,-3.0517578E-4,1.9836426E-4
1619046544028,3.3569336E-4,-4.5776367E-5,1.373291E-4
1619046544220,4.4250488E-4,1.2207031E-4,-1.5258789E-5
1619046544412,4.4250488E-4,1.8310547E-4,-1.5258789E-5
1619046544603,1.373291E-4,1.2207031E-4,-7.6293945E-5
1619046544796,7.6293945E-5,1.2207031E-4,-1.373291E-4
1619046544988,7.6293945E-5,6.1035156E-5,1.0681152E-4
1619046545181,-4.5776367E-5,1.2207031E-4,4.5776367E-5
1619046545384,1.5258789E-5,-6.1035156E-5,4.5776367E-5
1619046545564,1.373291E-4,0.0,4.5776367E-5
1619046545756,3.8146973E-4,2.4414062E-4,1.6784668E-4
1619046545948,-4.5776367E-5,1.2207031E-4,4.5776367E-5
1619046546140,1.373291E-4,2.4414062E-4,1.0681152E-4
1619046546332,1.373291E-4,3.0517578E-4,-7.6293945E-5
1619046546523,1.5258789E-5,-6.1035156E-5,1.0681152E-4
1619046546716,-4.5776367E-5,1.2207031E-4,-7.6293945E-5
1619046546907,7.6293945E-5,0.0,-1.5258789E-5
1619046547098,9.918213E-4,1.2207031E-4,2.2888184E-4
1619046547290,-5.950928E-4,0.0,-1.5258789E-5
1619046547482,1.5258789E-5,1.8310547E-4,2.2888184E-4
1619046547676,1.373291E-4,-2.593994E-4,-7.6293945E-5
1619046547866,0.011993408,0.027114868,-2.593994E-4
1619046548058,-0.011886597,-0.026824951,4.5776367E-5
1619046548249,0.00440979,0.008605957,-7.6293945E-5
1619046548442,-0.0038909912,-0.008560181,-1.5258789E-5
1619046548634,1.373291E-4,6.1035156E-5,-1.5258789E-5
1619046548825,1.373291E-4,1.8310547E-4,-1.5258789E-5
1619046549017,0.0010528564,4.8828125E-4,-7.6293945E-5
1619046549209,-5.950928E-4,-1.2207031E-4,-7.6293945E-5
1619046549401,1.373291E-4,1.2207031E-4,2.2888184E-4
1619046549593,-4.5776367E-5,3.0517578E-4,1.0681152E-4
1619046549785,-1.0681152E-4,0.0,-1.5258789E-5
1619046549977,1.5258789E-5,0.0,-1.9836426E-4
1619046550169,1.9836426E-4,-6.1035156E-5,-7.6293945E-5
1619046550361,7.6293945E-5,1.8310547E-4,1.0681152E-4
1619046550553,8.69751E-4,1.8310547E-4,-7.6293945E-5
1619046550745,-7.171631E-4,-4.4250488E-4,-7.6293945E-5
1619046550937,-4.119873E-4,-1.8310547E-4,4.5776367E-5
1619046551129,-3.5095215E-4,1.8310547E-4,1.6784668E-4
1619046551322,1.373291E-4,0.0,-1.5258789E-5
1619046551514,7.6293945E-5,1.8310547E-4,4.5776367E-5
1619046551705,4.4250488E-4,1.2207031E-4,4.5776367E-5
1619046551898,3.2043457E-4,-6.1035156E-5,-1.373291E-4
1619046552089,3.2043457E-4,0.0,-7.6293945E-5
1619046552282,1.9836426E-4,1.8310547E-4,1.0681152E-4
1619046552475,1.5258789E-5,0.0,4.5776367E-5
1619046552666,-1.0681152E-4,-7.6293945E-5,-1.5258789E-5
1619046552858,-1.0681152E-4,1.2207031E-4,1.0681152E-4
1619046553050,1.9836426E-4,0.0,1.0681152E-4
1619046553241,3.2043457E-4,0.0,1.0681152E-4
1619046553434,-4.5776367E-5,6.1035156E-5,-2.593994E-4
1619046553626,1.5258789E-5,6.1035156E-5,4.5776367E-5
1619046553818,1.5258789E-5,0.0,-1.373291E-4
1619046554010,1.5258789E-5,-6.1035156E-5,-1.9836426E-4
1619046554202,-2.2888184E-4,-3.8146973E-4,-1.5258789E-5
1619046554393,-1.6784668E-4,-6.1035156E-5,-7.6293945E-5
1619046554585,2.593994E-4,1.8310547E-4,4.5776367E-5
1619046554778,2.593994E-4,1.2207031E-4,-7.6293945E-5
1619046554969,-1.0681152E-4,1.8310547E-4,4.5776367E-5
1619046555162,1.5258789E-5,1.8310547E-4,-1.5258789E-5
1619046555354,-1.6784668E-4,-2.593994E-4,1.6784668E-4
1619046555546,2.593994E-4,6.1035156E-5,-1.9836426E-4
1619046555738,2.593994E-4,6.1035156E-5,1.0681152E-4
1619046555929,3.8146973E-4,-6.1035156E-5,1.0681152E-4
1619046556121,2.593994E-4,1.8310547E-4,-1.5258789E-5
1619046556314,-4.5776367E-5,1.2207031E-4,-1.9836426E-4
1619046556505,1.373291E-4,-6.1035156E-5,1.6784668E-4
1619046556698,-4.119873E-4,-1.2207031E-4,4.5776367E-5
1619046556888,6.2561035E-4,2.4414062E-4,1.0681152E-4
1619046557083,7.6293945E-5,1.8310547E-4,-1.5258789E-5
1619046557273,3.2043457E-4,-7.6293945E-5,-7.6293945E-5
1619046557466,2.593994E-4,1.2207031E-4,-1.373291E-4
1619046557658,6.866455E-4,3.0517578E-4,-7.6293945E-5
1619046557849,4.4250488E-4,0.0,-1.373291E-4
1619046558042,7.6293945E-5,-1.2207031E-4,1.0681152E-4
1619046558233,7.6293945E-5,6.1035156E-5,-1.5258789E-5
1619046558425,1.373291E-4,2.4414062E-4,-1.373291E-4
1619046558617,2.593994E-4,0.0,4.5776367E-5
1619046558809,1.9836426E-4,0.0,-1.5258789E-5
1619046559001,1.373291E-4,0.0,-7.6293945E-5
1619046559193,7.6293945E-5,1.8310547E-4,1.0681152E-4
1619046559384,1.9836426E-4,1.2207031E-4,2.89917E-4
1619046559577,3.2043457E-4,2.4414062E-4,1.0681152E-4
1619046559769,2.593994E-4,6.1035156E-5,-7.6293945E-5
1619046559960,1.373291E-4,6.1035156E-5,-1.5258789E-5
1619046560151,0.0074157715,0.016540527,-1.5258789E-5
1619046560343,-0.0074310303,-0.016616821,1.0681152E-4
1619046560535,3.8146973E-4,4.8828125E-4,1.0681152E-4
1619046560727,5.645752E-4,-7.6293945E-5,4.5776367E-5
1619046560919,-4.119873E-4,-2.4414062E-4,-7.6293945E-5
1619046561111,3.2043457E-4,1.2207031E-4,-7.6293945E-5
1619046561303,0.0017852783,7.9345703E-4,4.5776367E-5
1619046561495,-0.0015106201,-6.1035156E-4,1.6784668E-4
1619046561687,7.6293945E-5,0.0,1.6784668E-4
1619046561881,3.2043457E-4,3.0517578E-4,1.0681152E-4
1619046562071,-1.0681152E-4,-1.2207031E-4,1.6784668E-4
1619046562263,1.373291E-4,1.2207031E-4,-1.5258789E-5
1619046562455,2.593994E-4,1.8310547E-4,-1.5258789E-5
1619046562647,3.8146973E-4,1.8310547E-4,-1.5258789E-5
1619046562840,-1.6784668E-4,0.0,-1.5258789E-5
1619046563031,1.5258789E-5,6.1035156E-5,-1.373291E-4
1619046563223,-9.0026855E-4,6.1035156E-5,1.0681152E-4
1619046563416,7.6293945E-5,1.8310547E-4,-1.5258789E-5
1619046563608,1.9836426E-4,1.2207031E-4,-7.6293945E-5
1619046563800,3.2043457E-4,0.0,-1.5258789E-5
1619046563994,1.9836426E-4,1.2207031E-4,-7.6293945E-5
1619046564184,1.373291E-4,1.8310547E-4,-7.6293945E-5
1619046564382,2.593994E-4,1.2207031E-4,4.5776367E-5
1619046564568,1.9836426E-4,1.2207031E-4,-1.9836426E-4
1619046564760,1.5258789E-5,6.1035156E-5,1.0681152E-4
1619046564952,-2.89917E-4,0.0,-1.5258789E-5
1619046565144,-5.950928E-4,-1.9836426E-4,1.0681152E-4
1619046565336,1.9836426E-4,0.0,-1.5258789E-5
1619046565528,3.2043457E-4,-6.1035156E-5,-1.9836426E-4
1619046565718,4.4250488E-4,1.2207031E-4,1.6784668E-4
1619046565910,7.4768066E-4,7.9345703E-4,-1.5258789E-5
1619046566102,3.8146973E-4,4.272461E-4,-1.5258789E-5
1619046566294,-5.340576E-4,-9.1552734E-4,-1.373291E-4
1619046566486,1.9836426E-4,1.8310547E-4,-1.373291E-4
1619046566678,0.0012969971,0.0015869141,4.5776367E-5
1619046566870,-0.0013275146,-0.0014801025,-7.6293945E-5
1619046567062,3.8146973E-4,3.0517578E-4,1.6784668E-4
1619046567254,0.0033721924,0.0060424805,4.5776367E-5
1619046567446,-0.0031585693,-0.0058135986,-1.373291E-4
1619046567638,7.6293945E-5,2.4414062E-4,-7.6293945E-5
1619046567830,9.3078613E-4,4.5776367E-5,-1.5258789E-5
1619046568022,-6.5612793E-4,0.0,-7.6293945E-5
1619046568214,1.9836426E-4,1.8310547E-4,-1.373291E-4
1619046568407,1.373291E-4,0.0,-1.5258789E-5
1619046568599,1.9836426E-4,4.5776367E-5,-3.2043457E-4
1619046568791,-4.5776367E-5,1.8310547E-4,-7.6293945E-5
1619046568984,1.373291E-4,6.1035156E-5,-1.5258789E-5
1619046569173,5.645752E-4,2.4414062E-4,1.6784668E-4
1619046569365,-4.7302246E-4,6.1035156E-5,-1.373291E-4
1619046569557,5.0354004E-4,3.6621094E-4,-2.593994E-4
1619046569751,-9.613037E-4,0.0011444092,-0.110946655
1619046569943,-2.2888184E-4,9.0026855E-4,-0.047302246
1619046570135,4.4250488E-4,1.8310547E-4,1.0681152E-4
1619046570326,3.8146973E-4,2.4414062E-4,4.5776367E-5
1619046570518,4.4250488E-4,1.2207031E-4,1.0681152E-4
1619046570711,5.0354004E-4,1.8310547E-4,-1.5258789E-5
1619046570902,3.2043457E-4,1.8310547E-4,-7.6293945E-5
1619046571094,1.9836426E-4,1.2207031E-4,4.5776367E-5
1619046571286,-4.5776367E-5,0.0,-7.6293945E-5
1619046571478,1.373291E-4,-1.2207031E-4,-1.5258789E-5
1619046571670,1.9836426E-4,2.4414062E-4,-1.373291E-4
1619046571862,-4.5776367E-5,-1.2207031E-4,-1.5258789E-5
1619046572054,1.9836426E-4,-1.373291E-4,1.0681152E-4
1619046572247,5.0354004E-4,1.8310547E-4,-7.6293945E-5
1619046572437,3.8146973E-4,6.1035156E-5,-2.593994E-4
1619046572631,4.4250488E-4,1.8310547E-4,-1.5258789E-5
1619046572823,3.8146973E-4,1.2207031E-4,-1.5258789E-5
1619046573013,9.3078613E-4,3.0517578E-4,1.0681152E-4
1619046573205,-8.392334E-4,-6.1035156E-5,-1.5258789E-5
1619046573397,3.8146973E-4,6.1035156E-5,1.0681152E-4
1619046573588,3.2043457E-4,2.89917E-4,-7.6293945E-5
1619046573781,7.6293945E-5,1.2207031E-4,1.0681152E-4
1619046573973,2.593994E-4,1.8310547E-4,4.5776367E-5
1619046574164,1.373291E-4,1.8310547E-4,-7.6293945E-5
1619046574356,1.9836426E-4,3.0517578E-4,4.5776367E-5
1619046574549,-2.89917E-4,-6.1035156E-5,-1.5258789E-5
1619046574740,0.011550903,0.02609253,-2.593994E-4
1619046574932,-0.011734009,-0.026260376,-7.6293945E-5
1619046575124,1.8310547E-4,-1.0681152E-4,-0.0061798096
1619046575316,-2.4414062E-4,-6.1035156E-5,1.0681152E-4
1619046575508,-9.1552734E-4,-3.5095215E-4,-1.5258789E-5
1619046575702,-2.4414062E-4,-4.5776367E-5,-1.373291E-4
1619046575893,3.6621094E-4,1.373291E-4,-1.9836426E-4
1619046576085,1.8310547E-4,1.373291E-4,1.0681152E-4
1619046576278,1.2207031E-4,7.6293945E-5,-1.5258789E-5
1619046576470,0.0,-4.5776367E-5,2.89917E-4
1619046576662,-6.1035156E-5,1.373291E-4,-7.6293945E-5
1619046576854,-2.4414062E-4,-4.5776367E-5,4.5776367E-5
1619046577045,-1.2207031E-4,7.6293945E-5,-1.9836426E-4
1619046577237,0.0,1.373291E-4,-7.6293945E-5
1619046577430,-6.1035156E-5,7.6293945E-5,1.6784668E-4
1619046577622,-1.2207031E-4,1.373291E-4,4.5776367E-5
1619046577814,0.0,-1.6784668E-4,1.6784668E-4
1619046578005,-1.2207031E-4,1.5258789E-5,-1.373291E-4
1619046578198,-1.8310547E-4,-4.5776367E-5,4.5776367E-5
1619046578388,1.8310547E-4,1.9836426E-4,4.5776367E-5
1619046578582,6.1035156E-5,1.5258789E-5,4.5776367E-5
1619046578773,-6.1035156E-5,1.5258789E-5,-1.5258789E-5
1619046578964,6.1035156E-5,-4.5776367E-5,4.5776367E-5
1619046579156,6.1035156E-5,-4.5776367E-5,1.6784668E-4
1619046579347,1.8310547E-4,7.6293945E-5,4.5776367E-5
1619046579539,-2.4414062E-4,-3.0517578E-4,-1.5258789E-5
1619046579731,6.1035156E-5,1.9836426E-4,-1.373291E-4
1619046579923,0.0029907227,0.0062408447,-1.5258789E-5
1619046580115,-0.0032348633,-0.0060424805,2.2888184E-4
1619046580307,0.004333496,0.010025024,-0.021087646
1619046580499,0.005432129,0.012466431,-3.2043457E-4
1619046580691,-0.010070801,-0.022537231,4.5776367E-5
1619046580883,0.011245728,0.025604248,-6.2561035E-4
1619046581075,-0.012207031,-0.0259552,-2.593994E-4
1619046581268,6.1035156E-5,7.6293945E-5,-1.373291E-4
1619046581460,1.8310547E-4,7.6293945E-5,-2.593994E-4
1619046581653,6.1035156E-5,1.9836426E-4,-1.5258789E-5
1619046581844,2.4414062E-4,1.5258789E-5,4.5776367E-5
1619046582036,6.1035156E-5,1.5258789E-5,-7.6293945E-5
1619046582229,-1.2207031E-4,1.373291E-4,-7.6293945E-5
1619046582420,0.0,1.5258789E-5,1.0681152E-4
1619046582612,-6.1035156E-5,1.5258789E-5,-7.6293945E-5
1619046582804,-1.2207031E-4,-1.6784668E-4,1.0681152E-4
1619046582996,-4.272461E-4,-1.6784668E-4,-1.373291E-4
1619046583188,-2.4414062E-4,1.5258789E-5,2.2888184E-4
1619046583382,3.6621094E-4,-6.1035156E-5,1.0681152E-4
1619046583571,-1.2207031E-4,-4.5776367E-5,-1.373291E-4
1619046583764,-3.0517578E-4,1.5258789E-5,-1.373291E-4
1619046583956,-3.0517578E-4,1.373291E-4,1.0681152E-4
1619046584149,3.0517578E-4,3.0517578E-4,1.6784668E-4
1619046584340,1.8310547E-4,1.9836426E-4,4.5776367E-5
1619046584532,-3.6621094E-4,7.6293945E-5,4.5776367E-5
1619046584724,-6.1035156E-4,-1.0681152E-4,-1.373291E-4
1619046584916,-6.1035156E-4,-4.5776367E-5,-2.593994E-4
1619046585108,1.8310547E-4,-3.6621094E-4,2.89917E-4
1619046585300,1.373291E-4,-3.0517578E-5,-3.0517578E-5
1619046585492,7.6293945E-5,-9.1552734E-5,9.1552734E-5
1619046585684,5.645752E-4,-3.0517578E-5,-1.5258789E-4
1619046585876,1.5258789E-5,-3.0517578E-5,3.0517578E-5
1619046586068,-1.0681152E-4,3.0517578E-5,-9.1552734E-5
1619046586260,-4.5776367E-5,3.0517578E-5,-2.746582E-4
1619046586451,1.9836426E-4,3.0517578E-5,-1.5258789E-4
1619046586644,1.9836426E-4,3.0517578E-5,-3.0517578E-5
1619046586835,3.2043457E-4,-2.89917E-4,-3.0517578E-5
1619046587028,1.373291E-4,-2.89917E-4,-9.1552734E-5
1619046587220,1.9836426E-4,3.0517578E-5,-9.1552734E-5
1619046587410,7.4768066E-4,9.1552734E-5,-1.5258789E-4
1619046587602,0.0017242432,0.0018005371,-1.5258789E-4
1619046587794,-0.0025482178,-0.0020446777,9.1552734E-5
1619046587986,3.8146973E-4,9.1552734E-5,-3.0517578E-5
1619046588178,1.5258789E-5,-3.0517578E-5,-3.0517578E-5
1619046588370,9.918213E-4,1.5258789E-4,9.1552734E-5
1619046588562,-6.5612793E-4,-3.3569336E-4,-2.746582E-4
1619046588754,1.5258789E-5,-1.0681152E-4,-9.1552734E-5
1619046588946,1.373291E-4,-9.1552734E-5,-9.1552734E-5
1619046589138,7.6293945E-5,-3.0517578E-5,3.0517578E-5
1619046589330,0.008758545,0.016708374,-9.1552734E-5
1619046589522,-0.008346558,-0.016708374,3.9672852E-4
1619046589714,0.008071899,0.014633179,-6.4086914E-4
1619046589906,-0.008285522,-0.014694214,-0.016586304
1619046590098,-2.89917E-4,-9.1552734E-5,9.1552734E-5
1619046590291,1.5258789E-5,2.746582E-4,-9.1552734E-5
1619046590483,1.9836426E-4,9.1552734E-5,3.0517578E-5
1619046590673,8.69751E-4,2.1362305E-4,-3.0517578E-5
1619046590867,4.4250488E-4,-9.1552734E-5,3.0517578E-5
1619046591058,1.373291E-4,1.5258789E-4,9.1552734E-5
1619046591251,1.373291E-4,3.0517578E-5,-9.1552734E-5
1619046591443,-5.340576E-4,-1.5258789E-4,-9.1552734E-5
1619046591634,-5.340576E-4,-9.1552734E-5,-3.0517578E-5
1619046591825,1.9836426E-4,-1.5258789E-4,-1.5258789E-4
1619046592018,4.4250488E-4,-9.1552734E-5,1.5258789E-4
1619046592209,3.8146973E-4,1.5258789E-5,-3.0517578E-5
1619046592401,0.008575439,0.019256592,-0.0014953613
1619046592594,-0.006454468,-0.015975952,-9.1552734E-5
1619046592785,-0.001876831,-0.0032196045,-0.0036315918
1619046592977,7.6293945E-5,-3.0517578E-5,2.1362305E-4
1619046593169,1.373291E-4,-3.0517578E-5,1.5258789E-4
1619046593361,0.0014801025,0.0020446777,-9.1552734E-5
1619046593553,-3.5095215E-4,-0.0016784668,1.5258789E-4
1619046593745,-7.171631E-4,-2.1362305E-4,-9.1552734E-5
1619046593937,9.3078613E-4,3.3569336E-4,1.5258789E-4
1619046594129,0.006729126,0.014923096,2.1362305E-4
1619046594321,-0.007003784,-0.01499939,-1.5258789E-4
1619046594513,0.015533447,0.032836914,-0.0035095215
1619046594705,-0.015258789,-0.032836914,-9.1552734E-5
1619046594896,0.014312744,0.03100586,-0.0033874512
1619046595088,-0.013793945,-0.030700684,1.5258789E-4
1619046595280,1.5258789E-5,-3.0517578E-5,-3.0517578E-5
1619046595474,7.6293945E-5,3.0517578E-5,3.0517578E-5
1619046595666,3.8146973E-4,-3.0517578E-5,1.5258789E-4
1619046595858,1.373291E-4,-9.1552734E-5,-1.5258789E-4
1619046596050,7.6293945E-5,9.1552734E-5,-1.5258789E-4
1619046596242,2.593994E-4,-9.1552734E-5,9.1552734E-5
1619046596433,1.373291E-4,3.0517578E-5,-3.0517578E-5
1619046596626,1.373291E-4,-3.0517578E-5,-9.1552734E-5
1619046596818,3.2043457E-4,3.3569336E-4,9.1552734E-5
1619046597009,2.593994E-4,9.1552734E-5,-3.0517578E-5
1619046597202,-4.5776367E-5,9.1552734E-5,1.5258789E-4
1619046597393,2.593994E-4,3.0517578E-5,-3.0517578E-5
1619046597586,7.6293945E-5,-3.0517578E-5,9.1552734E-5
1619046597778,7.6293945E-5,3.0517578E-5,-3.0517578E-5
1619046597973,1.9836426E-4,3.0517578E-5,-3.0517578E-5
1619046598162,3.8146973E-4,3.0517578E-5,-3.0517578E-5
1619046598353,7.6293945E-5,-3.0517578E-5,2.1362305E-4
1619046598548,2.593994E-4,9.1552734E-5,1.5258789E-4
1619046598738,2.593994E-4,1.5258789E-4,3.0517578E-5
1619046598930,7.6293945E-5,-9.1552734E-5,-2.1362305E-4
1619046599122,1.373291E-4,-2.1362305E-4,3.0517578E-5
1619046599314,-1.0681152E-4,-9.1552734E-5,-3.0517578E-5
1619046599505,5.0354004E-4,1.5258789E-4,3.0517578E-5
1619046599698,3.8146973E-4,1.5258789E-4,-2.1362305E-4
1619046599889,2.593994E-4,9.1552734E-5,1.5258789E-4
1619046600080,1.9836426E-4,2.1362305E-4,-3.0517578E-5
1619046600273,2.593994E-4,-9.1552734E-5,9.1552734E-5
1619046600466,2.593994E-4,3.3569336E-4,-1.5258789E-4
1619046600657,1.9836426E-4,3.0517578E-5,-3.0517578E-5
1619046600849,7.6293945E-5,-1.5258789E-4,-9.1552734E-5
1619046601041,5.645752E-4,9.1552734E-5,-3.0517578E-5
1619046601233,1.9836426E-4,-2.1362305E-4,-3.0517578E-5
1619046601425,2.593994E-4,-3.0517578E-5,-1.5258789E-4
1619046601616,2.593994E-4,1.5258789E-4,-9.1552734E-5
1619046601809,1.9836426E-4,-2.1362305E-4,-9.1552734E-5
1619046602000,1.9836426E-4,9.1552734E-5,3.0517578E-5
1619046602191,3.2043457E-4,9.1552734E-5,-9.1552734E-5
1619046602384,1.9836426E-4,3.0517578E-5,1.5258789E-4
1619046602577,1.373291E-4,-2.1362305E-4,-3.0517578E-5
1619046602769,5.0354004E-4,9.1552734E-5,1.5258789E-4
1619046602959,3.2043457E-4,-3.0517578E-5,9.1552734E-5
1619046603153,3.8146973E-4,3.0517578E-5,2.1362305E-4
1619046603344,0.005508423,0.011749268,1.5258789E-4
1619046603536,-0.0023651123,-0.010665894,3.0517578E-5
1619046603728,3.2043457E-4,-5.187988E-4,-2.1362305E-4
1619046603921,3.8146973E-4,-5.79834E-4,-3.3569336E-4
1619046604112,6.2561035E-4,6.866455E-4,-9.1552734E-5
1619046604304,-0.001449585,-0.0010223389,3.0517578E-5
1619046604496,-0.0011444092,-9.460449E-4,-2.746582E-4
1619046604688,-4.5776367E-5,-3.0517578E-5,1.5258789E-4
1619046604880,7.4768066E-4,3.9672852E-4,2.1362305E-4
1619046605071,9.3078613E-4,1.5258789E-5,0.011276245
1619046605264,8.087158E-4,-4.5776367E-4,0.03375244
1619046605456,2.593994E-4,-3.0517578E-5,3.0517578E-5
1619046605649,-1.0681152E-4,1.5258789E-4,-1.5258789E-4
1619046605840,1.9836426E-4,3.9672852E-4,-9.1552734E-5
1619046606032,1.373291E-4,4.5776367E-4,3.0517578E-5
1619046606224,1.9836426E-4,7.6293945E-4,9.1552734E-5
1619046606416,1.9836426E-4,9.1552734E-5,-1.5258789E-4
1619046606608,2.593994E-4,3.0517578E-5,1.5258789E-4
1619046606800,3.2043457E-4,-3.0517578E-5,-9.1552734E-5
1619046606992,7.6293945E-5,-3.0517578E-5,-2.1362305E-4
1619046607184,1.373291E-4,-3.0517578E-5,3.0517578E-5
1619046607375,4.4250488E-4,1.5258789E-4,3.0517578E-5
1619046607568,4.4250488E-4,-9.1552734E-5,9.1552734E-5
1619046607758,2.593994E-4,3.0517578E-5,3.0517578E-5
1619046607952,1.373291E-4,3.0517578E-5,-9.1552734E-5
1619046608144,7.6293945E-5,-2.89917E-4,3.0517578E-5
1619046608336,1.9836426E-4,-3.0517578E-5,-3.0517578E-5
1619046608528,1.373291E-4,-3.0517578E-5,9.1552734E-5
1619046608720,3.8146973E-4,3.0517578E-5,9.1552734E-5
1619046608911,1.9836426E-4,3.0517578E-5,9.1552734E-5
1619046609104,-1.0681152E-4,-3.0517578E-5,-9.1552734E-5
1619046609295,2.593994E-4,9.1552734E-5,2.746582E-4
1619046609487,2.593994E-4,3.0517578E-5,-9.1552734E-5
1619046609680,7.6293945E-5,9.1552734E-5,3.0517578E-5
1619046609871,3.2043457E-4,-9.1552734E-5,3.0517578E-5
1619046610064,3.2043457E-4,3.0517578E-5,-3.0517578E-5
1619046610255,2.593994E-4,3.0517578E-5,-3.0517578E-5
1619046610447,1.373291E-4,-3.0517578E-5,9.1552734E-5
1619046610639,1.9836426E-4,-9.1552734E-5,-1.5258789E-4
1619046610830,1.373291E-4,-9.1552734E-5,-9.1552734E-5
1619046611024,7.6293945E-5,3.0517578E-5,-1.5258789E-4
1619046611215,2.593994E-4,-3.0517578E-5,-9.1552734E-5
1619046611407,3.8146973E-4,1.5258789E-4,-1.5258789E-4
1619046611598,1.9836426E-4,3.0517578E-5,-3.0517578E-5
1619046611791,4.4250488E-4,3.0517578E-5,2.746582E-4
1619046611983,7.6293945E-5,3.0517578E-5,-2.1362305E-4
1619046612175,2.593994E-4,3.0517578E-5,-1.5258789E-4
1619046612365,1.373291E-4,3.0517578E-5,-9.1552734E-5
1619046612557,2.593994E-4,3.0517578E-5,-9.1552734E-5
1619046612749,2.593994E-4,3.0517578E-5,3.0517578E-5
1619046612941,3.2043457E-4,2.1362305E-4,3.0517578E-5
1619046613133,3.2043457E-4,9.1552734E-5,-2.1362305E-4
1619046613326,2.593994E-4,3.0517578E-5,-2.746582E-4
1619046613518,3.8146973E-4,2.1362305E-4,-9.1552734E-5
1619046613711,3.8146973E-4,-9.1552734E-5,9.1552734E-5
1619046613901,4.4250488E-4,3.0517578E-5,-1.5258789E-4
1619046614095,1.5258789E-5,-1.5258789E-4,-1.5258789E-4
1619046614287,-1.6784668E-4,-2.1362305E-4,1.5258789E-4
1619046614479,2.593994E-4,-2.89917E-4,-3.0517578E-5
1619046614669,4.4250488E-4,3.0517578E-5,9.1552734E-5
1619046614862,3.2043457E-4,2.1362305E-4,1.5258789E-4
1619046615054,6.866455E-4,7.019043E-4,-1.5258789E-4
1619046615246,0.0065460205,0.01473999,-0.07650757
1619046615438,0.12866211,0.023544312,-0.13388062
1619046615631,0.88479614,0.027450562,-0.08934021
1619046615823,1.6365967,-0.55158997,-0.051345825
1619046616014,0.58724976,-2.7968445,0.33294678
1619046616206,0.7446747,0.43122864,-0.14523315
1619046616398,1.6736145,1.1397858,-0.41877747
1619046616590,0.9372101,-0.304245,-0.8572693
1619046616782,0.6504059,0.8005676,-0.67333984
1619046616974,0.5480957,-0.22105408,-0.10656738
1619046617166,0.33795166,0.025009155,-0.060821533
1619046617358,0.38168335,5.187988E-4,0.027877808
1619046617550,0.49224854,-0.11958313,0.01737976
1619046617743,0.2827301,-0.011459351,-0.02947998
1619046617934,0.11999512,0.030380249,0.004486084
1619046618126,0.16592407,-0.0642395,0.01713562
1619046618318,0.12567139,0.0059509277,-0.0018615723
1619046618509,0.11326599,0.0011901855,-7.019043E-4
1619046618702,-0.11653137,0.033065796,0.017074585
1619046618893,-0.025390625,-0.07835388,0.021591187
1619046619086,-0.035720825,0.034591675,-0.012313843
1619046619278,-0.039505005,0.0082092285,-0.0131073
1619046619470,0.004470825,-0.006576538,0.014678955
1619046619662,0.0066070557,-0.045913696,0.013519287
1619046619853,-0.012313843,-0.06796265,0.014633179
1619046620045,0.089263916,-0.32824707,0.08932495
1619046620238,0.010284424,0.015655518,-0.004425049
1619046620430,0.028427124,6.4086914E-4,-9.1552734E-5
1619046620621,0.02078247,-0.03375244,0.026107788
1619046620814,0.01675415,0.016647339,0.0038757324
1619046621005,3.8146973E-4,0.03215027,-0.0023498535
1619046621198,0.036849976,0.015899658,-0.012741089
1619046621389,0.2169342,-0.21139526,0.009857178
1619046621581,-0.22673035,0.11010742,-0.02368164
1619046621772,0.23983765,-0.85910034,0.014801025
1619046621965,0.1068573,-0.4149933,0.15579224
1619046622157,-0.048858643,0.4661255,-0.5971527
1619046622354,0.07661438,0.079315186,-0.28311157
1619046622541,-0.5028534,-0.061187744,0.514801
1619046622733,-0.72154236,0.68418884,0.81455994
1619046622925,-0.2341919,0.34986877,0.41088867
1619046623115,-2.0655823,-0.54896545,-1.6076508
1619046623307,0.16452026,0.7170563,-0.9174957
1619046623501,-1.5400391,-0.10736084,0.58499146
1619046623693,-0.38085938,0.25134277,0.4598236
1619046623885,-0.6926422,0.4631195,0.39886475
1619046624077,-0.6452942,0.093185425,0.84877014
1619046624267,-0.431015,0.21865845,1.6628113
1619046624460,-0.026794434,0.081451416,0.01335144
1619046624651,-0.299057,0.6592102,0.036621094
1619046624843,-0.99417114,0.18003845,-0.24847412
1619046625035,-1.3702698,-0.11842346,-0.20864868
1619046625228,-0.4426117,-0.08201599,-0.53222656
1619046625421,-0.51719666,-0.12263489,-0.402359
1619046625611,0.19384766,-6.5612793E-4,-0.019882202
1619046625804,1.373291E-4,-9.1552734E-5,1.5258789E-4
1619046625996,1.9836426E-4,9.1552734E-5,3.0517578E-5
1619046626188,3.2043457E-4,3.0517578E-5,2.1362305E-4
1619046626381,6.2561035E-4,9.1552734E-5,2.1362305E-4
1619046626572,9.918213E-4,9.1552734E-5,2.1362305E-4
1619046626764,5.645752E-4,-1.5258789E-4,2.746582E-4
1619046626956,2.593994E-4,-9.1552734E-5,3.0517578E-5
1619046627148,2.593994E-4,-9.1552734E-5,2.746582E-4
1619046627340,3.2043457E-4,3.0517578E-5,2.746582E-4
1619046627531,6.2561035E-4,-4.119873E-4,9.1552734E-5
1619046627723,0.0011749268,0.0035095215,-0.016830444
1619046627915,1.373291E-4,2.746582E-4,-0.075286865
1619046628106,-4.7302246E-4,-0.0023040771,0.037109375
1619046628298,3.2043457E-4,-9.1552734E-5,3.3569336E-4
1619046628492,4.4250488E-4,-3.0517578E-5,9.1552734E-5
1619046628684,2.593994E-4,9.1552734E-5,2.1362305E-4
1619046628877,2.593994E-4,3.0517578E-5,5.79834E-4
1619046629071,3.2043457E-4,-9.1552734E-5,2.746582E-4
1619046629260,1.9836426E-4,-2.746582E-4,-9.1552734E-5
1619046629451,2.593994E-4,-1.5258789E-4,9.1552734E-5
1619046629644,3.2043457E-4,9.1552734E-5,2.746582E-4
1619046629835,1.9836426E-4,-3.0517578E-5,-3.0517578E-5
1619046630027,2.593994E-4,9.1552734E-5,2.1362305E-4
1619046630220,3.8146973E-4,-3.0517578E-5,5.79834E-4
1619046630412,1.9836426E-4,-9.1552734E-5,2.746582E-4
1619046630604,5.645752E-4,-3.0517578E-5,2.746582E-4
1619046630794,7.6293945E-5,-0.0016784668,3.0517578E-5
1619046630986,8.69751E-4,0.0015563965,2.746582E-4
1619046631178,6.866455E-4,8.8500977E-4,0.023849487
1619046631370,6.2561035E-4,0.0027160645,-0.10437012
1619046631562,-2.2888184E-4,-0.003036499,0.046569824
1619046631754,4.4250488E-4,-2.746582E-4,1.5258789E-4
1619046631946,8.69751E-4,0.0018005371,-0.020614624
1619046632138,6.866455E-4,3.3569336E-4,0.008270264
1619046632329,-5.340576E-4,-0.0016937256,-9.460449E-4
1619046632521,9.3078613E-4,0.0010070801,0.014205933
1619046632714,-0.0011444092,-0.0013885498,2.1362305E-4
1619046632907,3.2043457E-4,-2.89917E-4,3.3569336E-4
1619046633099,6.866455E-4,2.746582E-4,5.187988E-4
1619046633290,7.4768066E-4,9.1552734E-5,2.1362305E-4
1619046633484,6.2561035E-4,-9.1552734E-5,2.1362305E-4
1619046633675,5.0354004E-4,9.1552734E-5,3.9672852E-4
1619046633867,5.645752E-4,9.1552734E-5,3.3569336E-4
1619046634059,5.0354004E-4,-1.5258789E-4,3.3569336E-4
1619046634251,5.645752E-4,-3.0517578E-5,3.9672852E-4
1619046634442,1.9836426E-4,-1.5258789E-4,4.5776367E-4
1619046634634,3.2043457E-4,9.1552734E-5,-3.0517578E-5
1619046634827,-2.89917E-4,-3.3569336E-4,1.5258789E-4
1619046635018,1.9836426E-4,-3.5095215E-4,-3.0517578E-5
1619046635211,2.593994E-4,-3.0517578E-5,9.1552734E-5
1619046635401,6.2561035E-4,-2.89917E-4,1.5258789E-4
1619046635596,5.0354004E-4,-9.1552734E-5,1.5258789E-4
1619046635787,5.0354004E-4,3.0517578E-5,3.3569336E-4
1619046635979,1.9836426E-4,3.2043457E-4,1.5258789E-4
1619046636171,2.593994E-4,9.1552734E-5,3.9672852E-4
1619046636361,6.2561035E-4,3.0517578E-5,1.5258789E-4
1619046636554,1.9836426E-4,9.1552734E-5,2.746582E-4
1619046636747,1.9836426E-4,3.0517578E-5,9.1552734E-5
1619046636939,-1.6784668E-4,-1.5258789E-4,2.746582E-4
1619046637131,-1.5258789E-4,-2.4414062E-4,1.5258789E-4
1619046637323,-5.79834E-4,-5.950928E-4,-2.1362305E-4
1619046637514,2.1362305E-4,-4.5776367E-5,3.0517578E-5
1619046637707,2.746582E-4,-1.2207031E-4,-9.1552734E-5
1619046637898,1.5258789E-4,1.373291E-4,-2.746582E-4
1619046638092,-3.0517578E-5,-4.5776367E-5,-9.1552734E-5
1619046638282,3.0517578E-5,-1.0681152E-4,-9.1552734E-5
1619046638473,-9.1552734E-5,1.5258789E-5,-3.0517578E-5
1619046638666,-9.1552734E-5,1.5258789E-5,-3.0517578E-5
1619046638857,2.1362305E-4,0.0021514893,-0.06729126
1619046639049,3.0517578E-5,5.645752E-4,-0.02696228
1619046639240,-9.1552734E-5,7.6293945E-5,-0.00491333
1619046639432,1.5258789E-4,1.5258789E-5,0.0043029785
1619046639625,3.0517578E-5,1.2207031E-4,-3.0517578E-5
1619046639816,-3.3569336E-4,-8.544922E-4,0.009063721
1619046640009,2.1362305E-4,4.4250488E-4,0.0019226074
1619046640200,3.3569336E-4,6.713867E-4,-0.002105713
1619046640392,-6.4086914E-4,-0.0011444092,2.1362305E-4
1619046640584,9.1552734E-5,0.0,1.5258789E-4
1619046640777,2.1362305E-4,9.3078613E-4,-0.016403198
1619046640968,-1.5258789E-4,-2.89917E-4,-1.5258789E-4
1619046641162,3.0517578E-5,-1.0681152E-4,-3.0517578E-5
1619046641354,-1.5258789E-4,-1.6784668E-4,-1.5258789E-4
1619046641544,4.5776367E-4,6.2561035E-4,-0.014572144
1619046641736,-0.0013122559,-5.340576E-4,0.0011291504
1619046641930,-9.1552734E-5,-4.5776367E-5,-9.1552734E-5
1619046642123,2.1362305E-4,1.5258789E-5,9.1552734E-5
1619046642314,1.5258789E-4,-4.5776367E-5,-2.1362305E-4
1619046642504,4.5776367E-4,2.593994E-4,3.0517578E-5
1619046642697,2.746582E-4,7.6293945E-5,-2.746582E-4
1619046642888,-2.1362305E-4,7.6293945E-5,-3.9672852E-4
1619046643080,1.5258789E-4,2.593994E-4,-2.746582E-4
1619046643278,-2.746582E-4,1.5258789E-5,-3.9672852E-4
1619046643465,2.746582E-4,1.5258789E-5,-3.3569336E-4
1619046643657,-3.0517578E-5,7.6293945E-5,-4.5776367E-4
1619046643849,3.0517578E-5,7.6293945E-5,-9.1552734E-5
1619046644040,-3.9672852E-4,7.6293945E-5,-2.746582E-4
1619046644233,-9.1552734E-5,1.5258789E-5,-1.5258789E-4
1619046644425,9.1552734E-5,7.6293945E-5,-2.746582E-4
1619046644616,2.746582E-4,-1.6784668E-4,-3.3569336E-4
1619046644809,1.5258789E-4,1.5258789E-5,-2.746582E-4
1619046645001,2.1362305E-4,1.5258789E-5,-1.5258789E-4
1619046645192,-3.0517578E-5,7.6293945E-5,-3.3569336E-4
1619046645384,3.0517578E-5,1.5258789E-5,-4.5776367E-4
1619046645577,-3.0517578E-5,1.373291E-4,-2.1362305E-4
1619046645769,3.0517578E-5,7.6293945E-5,-3.9672852E-4
1619046645961,9.1552734E-5,1.9836426E-4,-2.746582E-4
1619046646152,-3.0517578E-5,1.373291E-4,-2.746582E-4
1619046646344,-9.1552734E-5,7.6293945E-5,-3.3569336E-4
1619046646536,-9.1552734E-5,1.9836426E-4,-2.1362305E-4
1619046646729,-3.9672852E-4,7.6293945E-5,-3.9672852E-4
1619046646921,-7.6293945E-4,-4.272461E-4,-3.3569336E-4
1619046647113,5.79834E-4,0.0,-3.9672852E-4
1619046647303,3.0517578E-5,0.0,-2.746582E-4
1619046647495,4.5776367E-4,-1.6784668E-4,-2.746582E-4
1619046647688,5.187988E-4,0.0011138916,-2.1362305E-4
1619046647879,-5.79834E-4,-6.5612793E-4,-2.1362305E-4
1619046648071,-2.746582E-4,1.373291E-4,-3.9672852E-4
1619046648263,-9.1552734E-5,-1.2207031E-4,-3.3569336E-4
1619046648455,-1.5258789E-4,-1.0681152E-4,-3.3569336E-4
1619046648647,-9.1552734E-5,1.9836426E-4,-2.1362305E-4
1619046648839,-3.0517578E-5,-4.5776367E-5,-3.3569336E-4
1619046649031,9.1552734E-5,3.2043457E-4,-0.022384644
1619046649223,-2.1362305E-4,7.6293945E-5,-0.009933472
1619046649415,2.1362305E-4,1.9836426E-4,-4.5776367E-4
1619046649607,-3.3569336E-4,6.2561035E-4,-0.053604126
1619046649799,-2.1362305E-4,-4.5776367E-5,-1.5258789E-4
1619046649991,3.0517578E-5,1.9836426E-4,0.0032653809
1619046650183,-9.1552734E-5,1.373291E-4,-2.1362305E-4
1619046650375,-2.1362305E-4,-1.0681152E-4,-1.5258789E-4
1619046650566,-7.6293945E-4,-1.6784668E-4,-2.746582E-4
1619046650759,-3.0517578E-5,-4.5776367E-5,-2.1362305E-4
1619046650952,3.3569336E-4,3.2043457E-4,-1.5258789E-4
1619046651143,3.9672852E-4,2.593994E-4,-1.5258789E-4
1619046651336,9.1552734E-5,1.5258789E-5,-3.3569336E-4
1619046651528,-9.1552734E-5,-4.5776367E-5,-4.5776367E-4
1619046651720,-2.746582E-4,1.5258789E-5,-2.746582E-4
1619046651911,-1.5258789E-4,-4.5776367E-5,-3.3569336E-4
1619046652104,-9.1552734E-5,7.6293945E-5,-3.3569336E-4
1619046652294,3.0517578E-5,-4.5776367E-5,-3.3569336E-4
1619046652488,9.1552734E-5,-1.6784668E-4,-2.746582E-4
1619046652679,1.5258789E-4,1.9836426E-4,-1.5258789E-4
1619046652871,-1.5258789E-4,1.9836426E-4,-2.1362305E-4
1619046653064,2.1362305E-4,1.373291E-4,-1.5258789E-4
1619046653260,-3.9672852E-4,-3.6621094E-4,-2.746582E-4
1619046653446,1.5258789E-4,1.373291E-4,-2.1362305E-4
1619046653640,3.9672852E-4,1.9836426E-4,-2.1362305E-4
1619046653830,-3.3569336E-4,-1.6784668E-4,-1.5258789E-4
1619046654024,-3.3569336E-4,3.2043457E-4,-1.5258789E-4
1619046654216,3.3569336E-4,3.8146973E-4,-3.3569336E-4
1619046654408,9.1552734E-5,-4.5776367E-5,-2.746582E-4
1619046654599,2.746582E-4,2.593994E-4,-3.3569336E-4
1619046654792,2.1362305E-4,7.6293945E-5,-9.1552734E-5
1619046654983,-1.5258789E-4,-4.5776367E-5,-1.5258789E-4
1619046655176,-1.5258789E-4,1.5258789E-5,-3.3569336E-4
1619046655367,-3.0517578E-5,1.373291E-4,-2.746582E-4
1619046655559,-3.3569336E-4,-5.340576E-4,-2.1362305E-4
1619046655751,9.1552734E-5,7.6293945E-5,-3.0517578E-5
1619046655942,2.1362305E-4,1.373291E-4,-2.746582E-4
1619046656133,-5.79834E-4,-0.0024414062,-2.746582E-4
1619046656325,0.0010681152,0.003250122,-3.3569336E-4
1619046656517,-2.746582E-4,-3.5095215E-4,-1.5258789E-4
1619046656709,2.1362305E-4,2.593994E-4,-2.1362305E-4
1619046656903,1.5258789E-4,1.5258789E-5,-3.9672852E-4
1619046657093,3.0517578E-5,1.373291E-4,-2.1362305E-4
1619046657285,2.1362305E-4,-2.2888184E-4,-1.5258789E-4
1619046657477,2.1362305E-4,7.4768066E-4,-2.746582E-4
1619046657669,-2.1362305E-4,-2.2888184E-4,-3.3569336E-4
1619046657861,3.0517578E-5,3.2043457E-4,-4.5776367E-4
1619046658053,4.5776367E-4,0.0010375977,-2.746582E-4
1619046658245,-3.3569336E-4,-9.613037E-4,-3.3569336E-4
1619046658437,-1.5258789E-4,1.373291E-4,-2.746582E-4
1619046658631,-9.1552734E-5,-1.0681152E-4,-2.1362305E-4
1619046658822,9.1552734E-5,1.5258789E-5,-2.746582E-4
1619046659014,-3.0517578E-5,1.373291E-4,-3.9672852E-4
1619046659205,9.1552734E-5,0.0018920898,-0.0901947
1619046659397,-0.0014343262,-0.0013275146,6.4086914E-4
1619046659589,-2.1362305E-4,1.5258789E-5,-3.9672852E-4
1619046659782,3.3569336E-4,3.2043457E-4,-3.9672852E-4
1619046659974,4.5776367E-4,1.373291E-4,-5.187988E-4
1619046660166,3.9672852E-4,3.2043457E-4,-3.9672852E-4
1619046660358,2.746582E-4,1.5258789E-5,-2.746582E-4
1619046660550,9.1552734E-5,-4.5776367E-5,-3.3569336E-4
1619046660742,-1.5258789E-4,1.5258789E-5,-5.79834E-4
1619046660934,3.0517578E-5,-4.5776367E-5,-3.3569336E-4
1619046661125,2.1362305E-4,1.373291E-4,-4.5776367E-4
1619046661318,-1.5258789E-4,-4.5776367E-5,9.1552734E-5
1619046661509,2.1362305E-4,7.6293945E-5,-3.9672852E-4
1619046661702,2.746582E-4,1.373291E-4,-3.3569336E-4
1619046661893,2.1362305E-4,7.6293945E-5,-3.0517578E-5
1619046662086,-3.0517578E-5,2.593994E-4,-2.746582E-4
1619046662278,3.0517578E-5,-2.4414062E-4,-2.746582E-4
1619046662470,3.0517578E-5,1.373291E-4,-2.746582E-4
1619046662661,9.1552734E-5,1.373291E-4,-3.3569336E-4
1619046662854,2.1362305E-4,2.593994E-4,-1.5258789E-4
1619046663046,-4.5776367E-4,-4.5776367E-5,-3.3569336E-4
1619046663237,-9.1552734E-5,1.5258789E-5,-3.9672852E-4
1619046663432,2.746582E-4,1.5258789E-5,-4.5776367E-4
1619046663621,3.0517578E-5,7.6293945E-5,-1.5258789E-4
1619046663814,3.0517578E-5,1.373291E-4,-3.3569336E-4
1619046664005,-1.5258789E-4,1.5258789E-5,-9.1552734E-5
1619046664198,9.1552734E-5,7.6293945E-5,-2.746582E-4
1619046664389,-3.0517578E-5,-1.0681152E-4,-3.3569336E-4
1619046664580,-3.0517578E-5,-1.0681152E-4,-2.1362305E-4
1619046664774,3.0517578E-5,1.373291E-4,-3.3569336E-4
1619046664965,9.1552734E-5,1.5258789E-5,-1.5258789E-4
1619046665158,2.1362305E-4,1.373291E-4,-3.9672852E-4
1619046665350,-1.5258789E-4,7.6293945E-5,-2.746582E-4
1619046665542,2.746582E-4,7.6293945E-5,-2.746582E-4
1619046665734,2.1362305E-4,-4.5776367E-5,-2.746582E-4
1619046665925,5.187988E-4,-3.6621094E-4,-2.746582E-4
1619046666118,5.79834E-4,2.4414062E-4,-3.3569336E-4
1619046666309,3.9672852E-4,3.8146973E-4,-1.5258789E-4
1619046666502,-3.0517578E-5,1.9836426E-4,-3.9672852E-4
1619046666692,2.1362305E-4,1.9836426E-4,-5.187988E-4
1619046666884,1.5258789E-4,3.2043457E-4,-3.9672852E-4
1619046667078,3.0517578E-5,1.373291E-4,-3.3569336E-4
1619046667269,9.1552734E-5,7.6293945E-5,-3.9672852E-4
1619046667464,-5.79834E-4,-4.119873E-4,-3.3569336E-4
1619046667653,2.746582E-4,7.6293945E-5,-3.3569336E-4
1619046667845,3.0517578E-5,3.6621094E-4,-3.3569336E-4
1619046668037,1.5258789E-4,4.4250488E-4,-3.9672852E-4
1619046668228,-1.5258789E-4,1.9836426E-4,-3.9672852E-4
1619046668420,3.0517578E-5,7.6293945E-5,-3.9672852E-4
1619046668614,9.1552734E-5,7.6293945E-5,-6.4086914E-4
1619046668804,3.0517578E-5,7.6293945E-5,-4.5776367E-4
1619046668997,3.0517578E-5,1.373291E-4,-4.5776367E-4
1619046669191,-9.1552734E-5,1.9836426E-4,-4.5776367E-4
1619046669380,-9.1552734E-5,1.373291E-4,-3.3569336E-4
1619046669573,-9.1552734E-5,1.5258789E-5,-3.3569336E-4
1619046669764,3.0517578E-5,2.593994E-4,-2.746582E-4
