timestamp,gyro(x),gyro(y),gyro(z)
1618975350404,0.0042611877,-0.0031958907,0.0021305939
1618975350604,0.0042611877,-0.0010652969,0.0021305939
1618975350805,0.0031958907,0.0,0.0021305939
1618975351005,0.0031958907,-0.0010652969,0.0010652969
1618975351205,0.0042611877,-0.0010652969,0.0021305939
1618975351405,0.0031958907,0.0,0.0031958907
1618975351605,-0.005326485,0.10120321,0.0010652969
1618975351805,0.0031958907,0.0010652969,0.0021305939
1618975352005,0.0031958907,0.0,0.0021305939
1618975352205,0.0063917814,-0.0074570784,0.0010652969
1618975352405,0.0031958907,-0.0021305939,0.0021305939
1618975352606,0.0042611877,0.0,0.0042611877
1618975352806,0.0031958907,-0.0010652969,0.0031958907
1618975353006,0.0042611877,0.0,0.0031958907
1618975353207,0.0031958907,-0.0010652969,0.0021305939
1618975353407,0.0031958907,-0.0010652969,0.0031958907
1618975353607,0.0085223755,-0.059656627,0.0031958907
1618975353807,0.0031958907,-0.0010652969,0.0021305939
1618975354008,0.0031958907,0.0010652969,0.0021305939
1618975354208,0.0042611877,0.0,0.0031958907
1618975354407,0.0021305939,0.0021305939,0.0021305939
1618975354607,0.0031958907,-0.0021305939,0.0031958907
1618975354808,0.0031958907,-0.0010652969,0.0031958907
1618975355008,0.0031958907,0.0063917814,0.0031958907
1618975355208,0.0031958907,-0.0021305939,0.0021305939
1618975355409,0.0021305939,-0.0010652969,0.0021305939
1618975355609,0.0031958907,-0.0010652969,0.0031958907
1618975355808,0.0042611877,-0.0063917814,0.0031958907
1618975356008,0.0042611877,-0.0010652969,0.0031958907
1618975356208,0.0042611877,-0.0010652969,0.0021305939
1618975356408,-0.0042611877,0.034089502,0.0021305939
1618975356609,0.0031958907,0.0010652969,0.0010652969
1618975356809,0.0031958907,0.0010652969,0.0010652969
1618975357009,-0.0031958907,0.1033338,0.0
1618975357209,0.0031958907,-0.0031958907,0.0010652969
1618975357410,0.0031958907,0.0,0.0010652969
1618975357610,0.0031958907,0.0,0.0021305939
1618975357810,0.005326485,-0.017044751,0.0021305939
1618975358010,0.0031958907,0.0,0.0010652969
1618975358210,0.0031958907,0.0010652969,0.0010652969
1618975358411,0.0031958907,0.0,0.0021305939
1618975358611,0.0031958907,0.0,0.0021305939
1618975358814,0.0042611877,0.0,0.0021305939
1618975359011,0.0031958907,0.0021305939,0.0021305939
1618975438554,0.0074570784,-0.089484945,0.0031958907
1618975438752,0.0031958907,0.0010652969,0.0042611877
1618975438953,0.0021305939,0.0,0.0010652969
1618975439152,0.0031958907,-0.0010652969,0.0010652969
1618975439359,0.0021305939,0.0,0.0021305939
1618975439552,0.0021305939,0.0,0.0021305939
1618975439752,0.0021305939,0.0,0.0021305939
1618975439954,0.0021305939,0.0,0.0021305939
1618975440152,0.0021305939,0.0,0.0010652969
1618975440352,0.0021305939,0.0,0.0021305939
1618975440553,0.0021305939,0.0,0.0031958907
1618975440753,0.0042611877,-0.064983115,0.0031958907
1618975440953,0.0021305939,0.0,0.0031958907
1618975441153,0.0021305939,-0.0010652969,0.0021305939
1618975441353,0.0031958907,-0.0010652969,0.0031958907
1618975441554,0.0031958907,-0.0010652969,0.0031958907
1618975441756,0.0031958907,0.0,0.0031958907
1618975441954,0.0021305939,0.0,0.0021305939
1618975442154,0.0021305939,-0.0010652969,0.0021305939
1618975442354,0.0021305939,0.0,0.0021305939
1618975442554,0.0021305939,0.0063917814,0.0021305939
1619146387012,0.0042611877,0.0,0.0021305939
1619146387212,0.0021305939,-0.0010652969,0.0031958907
1619146387412,0.0042611877,-0.0010652969,0.0021305939
1619146387613,0.0031958907,-0.0010652969,0.0031958907
1619146387812,0.0042611877,-0.0010652969,0.0031958907
1619146388015,0.0042611877,-0.0010652969,0.0021305939
1619146388217,0.0031958907,0.0,0.0021305939
1619146388416,0.0021305939,0.0,0.0021305939
1619146388615,0.0031958907,0.0,0.0031958907
1619146388813,0.0042611877,0.0085223755,0.0021305939
1619146389013,0.0031958907,0.0,0.0021305939
1619146389213,0.0031958907,0.0,0.0021305939
1619146389414,0.0021305939,-0.0010652969,0.0021305939
1619146389615,0.0042611877,0.0,0.0021305939
1619146389816,0.0031958907,0.0,0.0021305939
1619146390014,0.0021305939,-0.0010652969,0.0021305939
1619146390214,0.0031958907,0.0,0.0021305939
1619146390416,0.0031958907,0.0,0.0021305939
1619146390615,0.0031958907,-0.0010652969,0.0021305939
1619146390815,0.0031958907,0.0,0.0031958907
1619146391015,0.0021305939,-0.0010652969,0.0031958907
1619146391215,0.0031958907,0.0,0.0021305939
1619146391415,0.0021305939,0.0,0.0021305939
1619146391616,0.0042611877,0.0010652969,0.0021305939
1619146391816,0.0031958907,-0.0010652969,0.0021305939
1619146392016,0.0031958907,-0.0010652969,0.0021305939
1619146392221,0.0031958907,-0.0010652969,0.0021305939
1619146392421,0.0031958907,-0.0010652969,0.0010652969
1619146392621,0.0031958907,0.0,0.0021305939
1619146392821,0.0042611877,-0.0010652969,0.0031958907
1619146393017,0.0021305939,-0.026632423,0.0031958907
1619146393219,0.0031958907,0.0,0.0031958907
1619146393418,0.0031958907,0.0,0.0031958907
1619146393622,0.0031958907,0.0,0.0031958907
1619146393819,0.0031958907,0.0,0.0021305939
1619146394017,0.0031958907,-0.0010652969,0.0021305939
1619146394223,0.0031958907,0.0,0.0021305939
1619146394417,0.0031958907,0.0,0.0021305939
1619146394617,0.0031958907,-0.0010652969,0.0021305939
1619146394819,0.0031958907,-0.0010652969,0.0021305939
1619146395019,0.0031958907,0.0,0.0021305939
1619146395219,0.0031958907,-0.0010652969,0.0021305939
1619146395418,0.0031958907,-0.0010652969,0.0021305939
1619146395621,0.0031958907,-0.0010652969,0.0021305939
1619146395822,0.0031958907,0.0,0.0021305939
1619146396022,0.0031958907,-0.0010652969,0.0031958907
1619146396222,0.0031958907,0.0,0.0021305939
1619146396419,0.0031958907,-0.0010652969,0.0021305939
1619146396619,0.0031958907,0.0,0.0031958907
1619146396822,0.0042611877,0.005326485,0.0021305939
1619146397019,0.0021305939,-0.0010652969,0.0021305939
1619146397221,0.0031958907,-0.0010652969,0.0021305939
1619146397420,0.0031958907,0.0,0.0021305939
1619146397622,0.0031958907,-0.0010652969,0.0031958907
1619146397825,0.0031958907,-0.0010652969,0.0021305939
1619146398025,0.0031958907,0.0,0.0021305939
1619146398225,0.0031958907,0.0,0.0021305939
1619146398420,0.0031958907,0.017044751,0.0021305939
1619146398621,0.0031958907,-0.0010652969,0.0021305939
1619146398823,0.0031958907,-0.0010652969,0.0021305939
1619146399024,0.0031958907,0.0,0.0031958907
1619146399222,0.0031958907,0.0,0.0021305939
1619146399425,0.0031958907,0.0,0.0031958907
1619146399625,0.0031958907,0.0,0.0010652969
1619146399827,0.0042611877,0.0,0.0021305939
1619146400021,0.0031958907,0.0,0.0021305939
1619146400222,0.0031958907,-0.0010652969,0.0021305939
1619146400422,0.0031958907,-0.0010652969,0.0021305939
1619146400623,0.0031958907,-0.0010652969,0.0031958907
1619146400824,0.0031958907,-0.0010652969,0.0021305939
1619146401022,0.0042611877,0.023436533,0.0031958907
1619146401222,0.0031958907,-0.0010652969,0.0021305939
1619146401423,0.0031958907,0.0,0.0021305939
1619146401624,0.0031958907,0.0,0.0021305939
1619146401825,0.0031958907,0.0,0.0031958907
1619146402028,0.0031958907,-0.0010652969,0.0021305939
1619146402227,0.0021305939,0.0,0.0021305939
1619146402428,0.0021305939,-0.012783563,0.0021305939
1619146402623,0.0031958907,0.0010652969,0.0010652969
1619146402825,0.0031958907,-0.0010652969,0.0021305939
1619146403025,0.0031958907,0.0,0.0010652969
1619146403225,0.0042611877,-0.0010652969,0.0021305939
1619146403427,0.0031958907,-0.0010652969,0.0031958907
1619146403630,0.0031958907,-0.0010652969,0.0021305939
1619146403830,0.0031958907,0.0,0.0021305939
1619146404026,0.0031958907,0.0010652969,0.0021305939
1619146404224,0.0021305939,0.0010652969,0.0021305939
1619146404424,0.0031958907,0.0,0.0021305939
1619146404626,0.0031958907,-0.0010652969,0.0021305939
1619146404827,0.0031958907,0.0,0.0031958907
1619146405026,0.0031958907,0.0,0.0021305939
1619146405231,0.0031958907,0.0,0.0031958907
1619146405427,0.0031958907,-0.0010652969,0.0031958907
1619146405626,0.0021305939,-0.0085223755,0.0031958907
1619146405826,0.0031958907,0.0,0.0031958907
1619146406028,0.0031958907,0.0,0.0021305939
1619146406227,0.0031958907,0.0,0.0021305939
1619146406428,0.0031958907,-0.0010652969,0.0021305939
1619146406630,0.0031958907,-0.0010652969,0.0021305939
1619146406832,0.0031958907,0.0,0.0021305939
1619146407026,0.0042611877,0.028763017,0.0010652969
1619146407227,0.0031958907,0.0,0.0031958907
1619146407429,0.0031958907,0.0,0.0021305939
1619146407628,0.0031958907,0.0,0.0031958907
1619146407829,0.0031958907,0.0,0.0021305939
1619146408033,0.0031958907,-0.0010652969,0.0021305939
1619146408233,0.0042611877,0.0,0.0021305939
1619146408427,0.0031958907,-0.0010652969,0.0021305939
1619146408628,0.0031958907,-0.0010652969,0.0021305939
1619146408830,0.0031958907,0.0,0.0021305939
1619146409030,0.0031958907,0.0,0.0021305939
1619146409229,0.0031958907,-0.0010652969,0.0021305939
1619146409429,0.0031958907,0.0,0.0021305939
1619146409629,0.0021305939,-0.014914157,0.0021305939
1619146409829,0.0031958907,-0.0010652969,0.0021305939
1619146410029,0.0042611877,0.0,0.0031958907
1619146410230,0.0031958907,0.0,0.0021305939
1619146410432,0.0031958907,0.0,0.0021305939
1619146410632,0.0031958907,0.0,0.0021305939
1619146410835,0.0031958907,-0.009587673,0.0021305939
1619146411030,0.0031958907,0.0,0.0021305939
1619146411230,0.0021305939,0.0,0.0031958907
1619146411432,0.0031958907,-0.0010652969,0.0031958907
1619146411631,0.0031958907,-0.0010652969,0.0021305939
1619146411835,0.0031958907,-0.0010652969,0.0021305939
1619146412036,0.0031958907,-0.0010652969,0.0031958907
1619146412236,0.0031958907,-0.0010652969,0.0021305939
1619146412436,0.0031958907,-0.0010652969,0.0021305939
1619146412636,0.0031958907,0.0,0.0021305939
1619146412834,0.0031958907,-0.0010652969,0.0021305939
1619146413037,0.0031958907,-0.0010652969,0.0021305939
1619146413231,0.0042611877,-0.0010652969,0.0031958907
1619146413432,0.0031958907,0.0,0.0021305939
1619146413632,0.0031958907,0.0,0.0021305939
1619146413833,0.0031958907,-0.0010652969,0.0021305939
1619146414033,0.0031958907,-0.0010652969,0.0031958907
1619146414237,0.0031958907,0.0,0.0031958907
1619146414435,0.0010652969,-0.012783563,0.0021305939
1619146414632,0.0031958907,-0.0010652969,0.0021305939
1619146414834,0.0031958907,-0.0010652969,0.0021305939
1619146415035,0.0031958907,-0.0010652969,0.0021305939
1619146415235,0.0021305939,-0.0010652969,0.0021305939
1619146415436,0.0031958907,-0.0010652969,0.0021305939
1619146415633,0.0042611877,0.03089361,0.0010652969
1619146415834,0.0031958907,0.0,0.0021305939
1619146416035,0.0042611877,0.0,0.0021305939
1619146416234,0.0031958907,0.0,0.0021305939
1619146416434,0.0031958907,-0.0010652969,0.0021305939
1619146416634,0.0031958907,-0.0010652969,0.0021305939
1619146416834,0.0031958907,0.0,0.0021305939
1619146417034,0.0031958907,0.0,0.0021305939
1619146417235,0.0031958907,0.0,0.0021305939
1619146417435,0.0031958907,0.0,0.0031958907
1619146417635,0.0031958907,0.0,0.0021305939
1619146417835,0.0031958907,0.0,0.0021305939
1619146418035,0.0031958907,0.0,0.0021305939
1619146418238,0.0031958907,0.0,0.0031958907
1619146418439,0.0031958907,0.0,0.0021305939
1619146418637,0.0031958907,0.0,0.0021305939
1619146418838,0.0031958907,0.0,0.0021305939
1619146419038,0.0031958907,0.0,0.0031958907
1619146419238,0.0031958907,0.0,0.0031958907
1619146419438,0.0031958907,0.0,0.0021305939
1619146419638,0.0031958907,-0.0010652969,0.0021305939
1619146419846,0.0031958907,-0.0010652969,0.0021305939
1619146420037,0.0031958907,0.0,0.0021305939
1619146420237,0.0031958907,-0.0010652969,0.0031958907
1619146420438,0.0031958907,0.0,0.0031958907
1619146420638,0.0031958907,0.0,0.0021305939
1619146420842,0.0042611877,0.0074570784,0.0031958907
1619146421038,0.0031958907,-0.0010652969,0.0021305939
1619146421238,0.0031958907,0.0,0.0010652969
1619146421439,0.0021305939,-0.0010652969,0.0031958907
1619146421639,0.0021305939,0.0,0.0031958907
1619146421840,0.0031958907,-0.018110048,0.0021305939
1619146422039,0.0031958907,0.0,0.0021305939
1619146422239,0.0042611877,0.0,0.0021305939
1619146422440,0.0021305939,-0.0010652969,0.0021305939
1619146422640,0.0021305939,0.0,0.0031958907
1619146422843,0.0031958907,-0.0010652969,0.0021305939
1619146423042,0.0021305939,0.0,0.0021305939
1619146423239,0.0021305939,0.0,0.0031958907
1619146423439,0.0021305939,-0.0010652969,0.0031958907
1619146423641,0.0021305939,0.0,0.0021305939
1619146423841,0.0021305939,-0.0010652969,0.0021305939
1619146424040,0.0021305939,-0.0010652969,0.0021305939
1619146424244,0.0031958907,-0.0021305939,0.0021305939
1619146424444,0.0021305939,-0.0010652969,0.0010652969
1619146424642,0.0021305939,0.0,0.0021305939
1619146424842,0.0021305939,0.0,0.0021305939
1619146425042,0.0021305939,0.0,0.0021305939
1619146425242,0.0021305939,0.0,0.0021305939
1619146425446,0.0021305939,-0.0010652969,0.0021305939
1619146425644,0.0021305939,0.0,0.0031958907
1619146425847,0.0021305939,-0.0010652969,0.0021305939
1619146426047,0.0021305939,-0.0010652969,0.0031958907
1619146426244,0.0021305939,0.0,0.0021305939
1619146426446,0.0021305939,0.0,0.0021305939
1619146426646,0.0031958907,0.0,0.0031958907
1619146426847,0.0021305939,0.0,0.0010652969
1619146427047,0.0021305939,-0.0010652969,0.0021305939
1619146427245,0.0021305939,-0.0010652969,0.0031958907
1619146427448,0.0021305939,-0.0010652969,0.0021305939
1619146427647,0.0021305939,0.0,0.0021305939
1619146427848,0.0021305939,-0.0010652969,0.0021305939
1619146428046,0.0021305939,0.0,0.0031958907
1619146428248,0.0010652969,-0.0010652969,0.0021305939
1619146428449,0.0021305939,0.0,0.0021305939
1619146428649,0.0021305939,-0.0010652969,0.0021305939
1619146428849,0.0021305939,-0.0010652969,0.0021305939
1619146429051,0.0021305939,-0.0010652969,0.0021305939
1619146429246,0.0021305939,-0.0010652969,0.0021305939
1619146429450,0.0021305939,0.0,0.0021305939
1619146429647,0.0021305939,-0.0010652969,0.0031958907
1619146429850,0.0031958907,0.0,0.0010652969
1619146430050,0.0010652969,0.0,0.0031958907
1619146430248,0.0010652969,-0.0010652969,0.0021305939
1619146430450,0.0021305939,0.0,0.0021305939
1619146430649,0.0021305939,0.0,0.0021305939
1619146430849,0.0021305939,-0.0010652969,0.0021305939
1619146431049,0.0021305939,-0.0010652969,0.0021305939
1619146431246,0.0021305939,-0.0010652969,0.0021305939
1619146431445,0.0021305939,0.0,0.0021305939
1619146431646,0.0021305939,0.0,0.0021305939
1619146431846,0.0021305939,0.0,0.0021305939
1619146432046,0.0010652969,-0.0010652969,0.0021305939
1619146432247,0.0021305939,0.0042611877,0.0031958907
1619146432446,0.0021305939,0.0,0.0021305939
1619146432647,0.0031958907,-0.0010652969,0.0021305939
1619146432847,0.0021305939,0.0,0.0021305939
1619146433047,0.0021305939,-0.0010652969,0.0021305939
1619146433248,0.0021305939,-0.0010652969,0.0021305939
1619146433451,0.0021305939,0.0021305939,0.0021305939
1619146433648,0.0021305939,-0.0010652969,0.0021305939
1619146433848,0.0021305939,0.0,0.0021305939
1619146434049,0.0021305939,-0.0010652969,0.0021305939
1619146434249,0.0021305939,-0.0010652969,0.0021305939
1619146434448,0.0021305939,-0.0010652969,0.0021305939
1619146434653,0.0031958907,0.0,0.0021305939
1619146434854,0.0021305939,-0.0010652969,0.0021305939
1619146435052,0.0021305939,-0.0021305939,0.0021305939
1619146435249,0.0021305939,0.0,0.0021305939
1619146435450,0.0021305939,0.0,0.0010652969
1619146435650,0.0021305939,-0.0010652969,0.0021305939
1619146435850,0.0021305939,0.0,0.0021305939
1619146436053,0.0010652969,0.0,0.0031958907
1619146436252,0.0021305939,0.0,0.0021305939
1619146436454,0.0031958907,-0.0010652969,0.0031958907
1619146436650,0.0021305939,-0.0010652969,0.0021305939
1619146436851,0.0021305939,-0.0010652969,0.0021305939
1619146437051,0.0021305939,0.0,0.0021305939
1619146437251,0.0021305939,0.0,0.0021305939
1619146437456,0.0021305939,-0.0010652969,0.0031958907
1619146437656,0.0021305939,0.0,0.0021305939
1619146437853,0.0021305939,0.0042611877,0.0021305939
1619146438051,0.0021305939,0.0,0.0021305939
1619146438252,0.0021305939,-0.0010652969,0.0021305939
1619146438452,0.0021305939,0.0,0.0042611877
1619146438653,0.0021305939,0.0,0.0031958907
1619146438857,0.0021305939,0.0,0.0021305939
1619146439052,0.0021305939,0.0,0.0021305939
1619146439252,0.0021305939,0.0,0.0031958907
1619146439453,0.0021305939,0.0,0.0031958907
1619146439653,0.0021305939,-0.0010652969,0.0021305939
1619146439852,0.0021305939,-0.012783563,0.0031958907
1619146440054,0.0021305939,0.0,0.0021305939
1619146440254,0.0021305939,-0.0010652969,0.0021305939
1619146440454,0.0021305939,-0.0010652969,0.0021305939
1619146440654,0.0021305939,-0.0010652969,0.0021305939
1619146440859,0.0021305939,-0.0010652969,0.0021305939
1619146441054,0.0021305939,0.0,0.0021305939
1619146441255,0.0021305939,-0.0010652969,0.0021305939
1619146441454,0.0031958907,0.0,0.0021305939
1619146441654,0.0021305939,-0.0010652969,0.0021305939
1619146441857,0.0021305939,-0.0010652969,0.0021305939
1619146442059,0.0021305939,0.0,0.0021305939
1619146442257,0.0021305939,0.0,0.0021305939
1619146442458,0.0021305939,-0.0010652969,0.0021305939
1619146442656,0.0010652969,0.0,0.0021305939
1619146442855,0.0021305939,-0.0074570784,0.0021305939
1619146443056,0.0021305939,0.0,0.0021305939
1619146443256,0.0021305939,-0.0010652969,0.0021305939
1619146443456,0.0021305939,-0.0010652969,0.0031958907
1619146443656,0.0021305939,-0.0010652969,0.0031958907
1619146443861,0.0021305939,-0.0010652969,0.0021305939
1619146444060,0.0021305939,-0.0010652969,0.0021305939
1619146444260,0.0021305939,0.0,0.0021305939
1619146444460,0.0021305939,-0.0010652969,0.0021305939
1619146444660,0.0021305939,0.0,0.0021305939
1619146444862,0.0031958907,0.0,0.0021305939
1619146445057,0.0021305939,-0.0010652969,0.0031958907
1619146445261,0.0021305939,0.0,0.0021305939
1619146445462,0.0021305939,-0.0010652969,0.0021305939
1619146445662,0.0021305939,0.0,0.0021305939
1619146445862,0.0021305939,0.0,0.0031958907
1619146446062,0.0010652969,-0.0010652969,0.0021305939
1619146446258,0.0021305939,-0.0010652969,0.0031958907
1619146446459,0.0031958907,0.0,0.0021305939
1619146446660,0.0021305939,0.0,0.0021305939
1619146446861,0.0021305939,-0.0010652969,0.0021305939
1619146447062,0.0021305939,0.0,0.0021305939
1619146447262,0.0021305939,-0.0010652969,0.0021305939
1619146447462,0.0031958907,0.0,0.0021305939
1619146447663,0.0021305939,-0.0010652969,0.0031958907
1619146447859,0.0021305939,-0.0010652969,0.0031958907
1619146448059,0.0021305939,0.0,0.0021305939
1619146448260,0.0021305939,0.0,0.0031958907
1619146448462,0.0042611877,0.0,0.0021305939
1619146448659,0.0021305939,0.0,0.0021305939
1619146448860,0.0021305939,0.0,0.0021305939
1619146449060,0.0021305939,0.0,0.0021305939
1619146449260,0.0042611877,0.015979454,0.0021305939
1619146449460,0.0021305939,-0.0010652969,0.0021305939
1619146449662,0.0021305939,0.0,0.0021305939
1619146449861,0.0021305939,-0.0010652969,0.0021305939
1619146450061,0.0021305939,-0.0010652969,0.0021305939
1619146450262,0.0010652969,-0.0042611877,0.0010652969
1619146450461,0.0021305939,0.0,0.0031958907
1619146450661,0.0021305939,-0.0010652969,0.0021305939
1619146450861,0.0021305939,0.0,0.0021305939
1619146451061,0.0021305939,0.0,0.0021305939
1619146451262,0.0021305939,-0.023436533,0.0021305939
1619146451462,0.0031958907,0.0,0.0031958907
1619146451663,0.0021305939,0.0,0.0021305939
1619146451862,0.0021305939,0.0,0.0021305939
1619146452063,0.0021305939,0.0,0.0031958907
1619146452265,0.0021305939,-0.0010652969,0.0021305939
1619146452463,0.0021305939,0.0,0.0021305939
1619146452662,0.0031958907,-0.0010652969,0.0021305939
1619146452863,0.0021305939,-0.0010652969,0.0010652969
1619146453064,0.0010652969,-0.0010652969,0.0031958907
1619146453264,0.0021305939,-0.0010652969,0.0031958907
1619146453467,0.0021305939,0.0,0.0021305939
1619146453666,0.0021305939,0.0,0.0021305939
1619146453864,0.0010652969,-0.009587673,0.0021305939
1619146454066,0.0021305939,-0.0010652969,0.0021305939
1619146454264,0.0021305939,-0.0021305939,0.0021305939
1619146454465,0.0021305939,-0.0010652969,0.0021305939
1619146454670,0.0021305939,0.0,0.0031958907
1619146454869,0.0021305939,-0.0010652969,0.0021305939
1619146455065,0.0021305939,0.0074570784,0.0021305939
1619146455264,0.0031958907,-0.0010652969,0.0031958907
1619146455466,0.0021305939,0.0,0.0010652969
1619146455666,0.0021305939,0.0,0.0021305939
1619146455866,0.0021305939,0.0,0.0021305939
1619146456067,0.0021305939,-0.0010652969,0.0021305939
1619146456269,0.0021305939,0.0,0.0031958907
1619146456466,0.0021305939,0.0,0.0021305939
1619146456668,0.0021305939,0.0,0.0031958907
1619146456870,0.0021305939,0.0021305939,0.0021305939
1619146457068,0.0021305939,-0.0010652969,0.0021305939
1619146457267,0.0021305939,0.0,0.0021305939
1619146457467,0.0021305939,-0.0010652969,0.0031958907
1619146457669,0.0021305939,0.0,0.0031958907
1619146457872,0.0021305939,0.0,0.0021305939
1619146458077,0.0021305939,0.0,0.0021305939
1619146458271,0.0021305939,0.0,0.0021305939
1619146458472,0.0021305939,0.0,0.0010652969
1619146458673,0.0021305939,-0.0010652969,0.0021305939
1619146458873,0.0021305939,-0.0010652969,0.0021305939
1619146459071,0.0021305939,-0.0010652969,0.0031958907
1619146459273,0.0021305939,-0.0010652969,0.0021305939
1619146459473,0.0021305939,0.0,0.0021305939
1619146459668,0.0021305939,-0.0010652969,0.0021305939
1619146459874,0.0021305939,0.0,0.0021305939
1619146460069,0.0021305939,-0.0010652969,0.0031958907
1619146460271,0.0010652969,-0.0010652969,0.0021305939
1619146460475,0.0031958907,0.0,0.0031958907
1619146460669,0.0021305939,0.0,0.0021305939
1619146460869,0.0021305939,-0.0010652969,0.0021305939
1619146461071,0.0021305939,0.0,0.0021305939
1619146461270,0.0021305939,-0.0010652969,0.0021305939
1619146461469,0.0021305939,-0.0010652969,0.0021305939
1619146461670,0.0031958907,0.01065297,0.0021305939
1619146461871,0.0021305939,-0.0010652969,0.0021305939
1619146462070,0.0021305939,-0.0010652969,0.0021305939
1619146462271,0.0021305939,-0.0010652969,0.0031958907
1619146462471,0.0021305939,-0.0010652969,0.0021305939
1619146462674,0.0021305939,0.0,0.0021305939
1619146462875,0.0021305939,0.0,0.0021305939
1619146463080,0.0021305939,-0.0010652969,0.0031958907
1619146463275,0.0021305939,-0.0021305939,0.0031958907
1619146463471,0.0031958907,0.0,0.0031958907
1619146463672,0.0021305939,0.0,0.0031958907
1619146463873,0.0021305939,-0.0010652969,0.0031958907
1619146464075,0.0021305939,0.0,0.0021305939
1619146464274,0.0021305939,0.0,0.0021305939
1619146464476,0.0010652969,0.0,0.0021305939
1619146464676,0.0021305939,-0.0010652969,0.0021305939
1619146464875,0.0021305939,-0.0010652969,0.0021305939
1619146465073,0.0021305939,0.0010652969,0.0021305939
1619146465273,0.0021305939,0.0,0.0021305939
1619146465474,0.0021305939,-0.0010652969,0.0021305939
1619146465674,0.0021305939,-0.0010652969,0.0021305939
1619146465873,0.0021305939,0.0,0.0021305939
1619146466077,0.0021305939,0.0,0.0031958907
1619146466276,0.0021305939,0.0,0.0021305939
1619146466479,0.0021305939,0.0,0.0021305939
1619146466679,0.0021305939,0.0,0.0021305939
1619146466879,0.0021305939,-0.0010652969,0.0021305939
1619146467079,0.0021305939,0.0,0.0021305939
1619146467279,0.0021305939,-0.0010652969,0.0021305939
1619146467479,0.0010652969,-0.0010652969,0.0021305939
1619146467680,0.0021305939,-0.0010652969,0.0021305939
1619146467880,0.0021305939,-0.0010652969,0.0031958907
1619146468077,0.0031958907,0.01384886,0.0010652969
1619146468278,0.0021305939,0.0,0.0021305939
1619146468476,0.0031958907,-0.0010652969,0.0021305939
1619146468677,0.0021305939,0.0,0.0021305939
1619146468876,0.0021305939,0.0,0.0021305939
1619146469078,0.0021305939,-0.0010652969,0.0021305939
1619146469276,0.0021305939,0.0,0.0021305939
1619146469476,0.0021305939,0.0,0.0021305939
1619146469677,0.0021305939,-0.0010652969,0.0021305939
1619146469883,0.0031958907,0.0,0.0021305939
1619146470078,0.0021305939,-0.0010652969,0.0021305939
1619146470281,0.0031958907,-0.0010652969,0.0021305939
1619146470477,0.0021305939,-0.0010652969,0.0021305939
1619146470684,0.0021305939,0.0,0.0021305939
1619146470878,0.0021305939,0.0,0.0021305939
1619146471078,0.0021305939,0.0,0.0031958907
1619146471278,0.0010652969,-0.0010652969,0.0031958907
1619146471483,0.0021305939,0.0,0.0021305939
1619146471679,0.0042611877,0.034089502,0.0021305939
1619146471877,0.0031958907,-0.0010652969,0.0021305939
1619146472080,0.0021305939,-0.0010652969,0.0031958907
1619146472278,0.0021305939,0.0,0.0021305939
1619146472479,0.0031958907,0.0010652969,0.0021305939
1619146472679,0.0021305939,0.0,0.0031958907
1619146472879,0.0021305939,-0.01065297,0.0031958907
1619146473078,0.0021305939,0.0,0.0021305939
1619146473279,0.0021305939,0.0,0.0031958907
1619146473479,0.0031958907,-0.0010652969,0.0021305939
1619146473680,0.0021305939,-0.0010652969,0.0010652969
1619146473884,0.0021305939,-0.0010652969,0.0021305939
1619146474085,0.0021305939,0.0,0.0021305939
1619146474282,0.0021305939,-0.0010652969,0.0021305939
1619146474484,0.0021305939,-0.0010652969,0.0021305939
1619146474685,0.0021305939,0.0,0.0021305939
1619146474886,0.0021305939,-0.0010652969,0.0021305939
1619146475086,0.0021305939,0.0,0.0021305939
1619146475285,0.0021305939,0.0,0.0021305939
1619146475485,0.0021305939,-0.0010652969,0.0031958907
1619146475686,0.0021305939,-0.0010652969,0.0031958907
1619146475886,0.0021305939,0.0,0.0021305939
1619146476086,0.0021305939,0.0,0.0021305939
1619146476282,0.0021305939,0.0,0.0031958907
1619146476484,0.0010652969,-0.0010652969,0.0021305939
1619146476683,0.0021305939,0.0,0.0021305939
1619146476886,0.0021305939,0.0,0.0031958907
1619146477086,0.0021305939,0.0,0.0021305939
1619146477286,0.0021305939,0.0,0.0021305939
1619146477486,0.0021305939,-0.0010652969,0.0021305939
1619146477682,0.0021305939,-0.0010652969,0.0021305939
1619146477887,0.0021305939,-0.0010652969,0.0021305939
1619146478087,0.0021305939,-0.0010652969,0.0010652969
1619146478287,0.0031958907,-0.0010652969,0.0021305939
1619146478486,0.0021305939,0.0,0.0021305939
1619146478683,0.0021305939,0.0,0.0021305939
1619146478884,0.0021305939,0.0,0.0021305939
1619146479085,0.0021305939,-0.0010652969,0.0021305939
1619146479288,0.0021305939,0.0,0.0021305939
1619146479487,0.0021305939,0.0,0.0021305939
1619146479689,0.0021305939,0.0,0.0021305939
1619146479888,0.0021305939,0.0,0.0021305939
1619146480089,0.0021305939,-0.0010652969,0.0031958907
1619146480290,0.0021305939,0.0,0.0021305939
1619146480488,0.0021305939,0.0,0.0021305939
1619146480690,0.0021305939,-0.0010652969,0.0031958907
1619146480890,0.0021305939,0.0,0.0021305939
1619146481090,0.0021305939,-0.0010652969,0.0021305939
1619146481290,0.0021305939,0.0,0.0021305939
1619146481488,0.0021305939,0.0,0.0021305939
1619146481690,0.0021305939,0.0,0.0021305939
1619146481890,0.0010652969,-0.0010652969,0.0021305939
1619146482090,0.0031958907,-0.0010652969,0.0021305939
1619146482291,0.0021305939,-0.0010652969,0.0021305939
1619146482488,0.0021305939,0.0,0.0031958907
1619146482686,0.0021305939,-0.0010652969,0.0021305939
1619146482892,0.0021305939,-0.0010652969,0.0021305939
1619146483092,0.0021305939,0.0,0.0021305939
1619146483292,0.0021305939,-0.0010652969,0.0021305939
1619146483490,0.0021305939,0.0,0.0021305939
1619146483687,0.0031958907,0.0,0.0021305939
1619146483893,0.0021305939,0.0,0.0031958907
1619146484093,0.0021305939,0.0,0.0021305939
1619146484288,0.0021305939,-0.0010652969,0.0021305939
1619146484488,0.0021305939,0.0,0.0021305939
1619146484690,0.0021305939,0.0,0.0021305939
1619146484890,0.0021305939,0.0,0.0010652969
1619146485089,0.0021305939,0.0,0.0021305939
1619146485294,0.0021305939,0.0010652969,0.0021305939
1619146485490,0.0021305939,-0.0010652969,0.0021305939
1619146485690,0.0021305939,-0.0010652969,0.0021305939
1619146485890,0.0021305939,0.0,0.0021305939
1619146486089,0.0031958907,0.0,0.0021305939
1619146486290,0.0021305939,-0.0010652969,0.0010652969
1619146486491,0.0010652969,-0.0042611877,0.0021305939
1619146486693,0.0021305939,-0.0010652969,0.0021305939
1619146486890,0.0021305939,-0.0010652969,0.0021305939
1619146487092,0.0021305939,-0.0010652969,0.0021305939
1619146487292,0.0031958907,0.0,0.0021305939
1619146487491,0.0031958907,0.0,0.0021305939
1619146487692,0.0031958907,0.009587673,0.0021305939
1619146487894,0.0021305939,-0.0021305939,0.0021305939
1619146488092,0.0021305939,0.0,0.0021305939
1619146488292,0.0021305939,-0.0010652969,0.0021305939
1619146488492,0.0021305939,0.0,0.0021305939
1619146488697,0.0021305939,-0.0010652969,0.0021305939
1619146488892,0.0010652969,0.0010652969,0.0021305939
1619146489092,0.0021305939,0.0,0.0021305939
1619146489292,0.0021305939,0.0,0.0021305939
1619146489492,0.0021305939,-0.0010652969,0.0021305939
1619146489700,0.0021305939,0.0,0.0021305939
1619146489896,0.0021305939,0.0,0.0021305939
1619146490098,0.0021305939,-0.0010652969,0.0031958907
1619146490296,0.0021305939,-0.0010652969,0.0021305939
1619146490496,0.0021305939,0.0,0.0021305939
1619146490693,0.0021305939,-0.0010652969,0.0021305939
1619146490893,0.0021305939,0.0,0.0021305939
1619146491095,0.0010652969,0.0,0.0021305939
1619146491293,0.0031958907,0.0,0.0010652969
1619146491494,0.0010652969,0.0,0.0031958907
1619146491694,0.0021305939,-0.0010652969,0.0021305939
1619146491896,0.0021305939,-0.0010652969,0.0021305939
1619146492097,0.0010652969,-0.0021305939,0.0021305939
1619146492294,0.0021305939,0.0,0.0021305939
1619146492494,0.0021305939,0.0,0.0021305939
1619146492695,0.0031958907,-0.0010652969,0.0021305939
1619146492895,0.0021305939,0.0,0.0021305939
1619146493095,0.0021305939,-0.0010652969,0.0021305939
1619146493299,0.0021305939,0.0,0.0021305939
1619146493499,0.0031958907,-0.0010652969,0.0021305939
1619146493695,0.0021305939,-0.0010652969,0.0021305939
1619146493895,0.0021305939,0.0,0.0021305939
1619146494096,0.0021305939,0.0,0.0021305939
1619146494297,0.0021305939,-0.0010652969,0.0021305939
1619146494496,0.0021305939,0.0,0.0021305939
1619146494702,0.0021305939,-0.0010652969,0.0021305939
1619146494902,0.0021305939,-0.01065297,0.0021305939
1619146495097,0.0021305939,-0.0010652969,0.0021305939
1619146495300,0.0021305939,0.0,0.0021305939
1619146495498,0.0021305939,-0.0010652969,0.0021305939
1619146495697,0.0021305939,0.0,0.0021305939
1619146495899,0.0021305939,-0.0010652969,0.0021305939
1619146496103,0.0021305939,-0.0010652969,0.0031958907
1619146496297,0.0021305939,0.0,0.0031958907
1619146496501,0.0010652969,0.0,0.0021305939
1619146496703,0.0021305939,-0.0010652969,0.0021305939
1619146496898,0.0021305939,-0.0010652969,0.0021305939
1619146497103,0.0021305939,-0.0010652969,0.0021305939
1619146497302,0.0021305939,0.0,0.0021305939
1619146497503,0.0021305939,-0.0010652969,0.0021305939
1619146497698,0.0021305939,0.0,0.0031958907
1619146497902,0.0021305939,-0.0010652969,0.0021305939
1619146498103,0.0021305939,-0.0010652969,0.0031958907
1619146498303,0.0021305939,-0.0010652969,0.0021305939
1619146498504,0.0021305939,-0.0010652969,0.0021305939
1619146498699,0.0031958907,-0.0010652969,0.0021305939
1619146498902,0.0021305939,-0.0010652969,0.0021305939
1619146499105,0.0021305939,-0.0010652969,0.0021305939
1619146499304,0.0021305939,-0.0010652969,0.0021305939
1619146499502,0.0010652969,0.0021305939,0.0021305939
1619146499700,0.0031958907,0.0,0.0021305939
1619146499904,0.0021305939,0.0,0.0010652969
1619146500101,0.0021305939,-0.0010652969,0.0021305939
1619146500301,0.0021305939,-0.0010652969,0.0021305939
1619146500506,0.0021305939,0.0,0.0021305939
1619146500701,0.0021305939,0.0,0.0021305939
1619146500901,0.0021305939,0.0,0.0021305939
1619146501108,0.0021305939,0.0,0.0021305939
1619146501302,0.0021305939,0.0,0.0021305939
1619146501502,0.0021305939,-0.0010652969,0.0031958907
1619146501702,0.0021305939,-0.0010652969,0.0031958907
1619146501903,0.0021305939,-0.0010652969,0.0021305939
1619146502102,0.0021305939,-0.0010652969,0.0021305939
1619146502303,0.0021305939,-0.0010652969,0.0031958907
1619146502503,0.0021305939,-0.0010652969,0.0031958907
1619146502703,0.0021305939,0.0,0.0021305939
1619146502906,0.0021305939,0.0,0.0021305939
1619146503108,0.0021305939,-0.0010652969,0.0021305939
1619146503308,0.0021305939,-0.0010652969,0.0021305939
1619146503503,0.0,-0.0074570784,0.0021305939
1619146503703,0.0021305939,-0.0010652969,0.0021305939
1619146503908,0.0021305939,-0.0010652969,0.0031958907
1619146504109,0.0031958907,-0.0010652969,0.0021305939
1619146504307,0.0021305939,0.0,0.0021305939
1619146504510,0.0021305939,0.0,0.0021305939
1619146504708,0.0010652969,-0.02769772,0.0021305939
1619146504904,0.0021305939,0.0,0.0031958907
1619146505105,0.0031958907,0.0,0.0021305939
1619146505305,0.0021305939,-0.0010652969,0.0031958907
1619146505505,0.0031958907,-0.0010652969,0.0021305939
1619146505707,0.0021305939,0.0,0.0021305939
1619146505910,0.0021305939,0.0,0.0021305939
1619146506110,0.0021305939,-0.0010652969,0.0021305939
1619146506307,0.0021305939,0.0,0.0010652969
1619146506507,0.0021305939,-0.0010652969,0.0021305939
1619146506707,0.0021305939,0.0,0.0021305939
1619146506910,0.0021305939,0.0,0.0021305939
1619146507109,0.0021305939,-0.01384886,0.0021305939
1619146507306,0.0021305939,-0.0010652969,0.0021305939
1619146507507,0.0021305939,-0.0010652969,0.0021305939
1619146507707,0.0021305939,0.0,0.0021305939
1619146507911,0.0021305939,0.0,0.0021305939
1619146508111,0.0021305939,0.0,0.0021305939
1619146508311,0.0021305939,-0.0021305939,0.0031958907
1619146508507,0.0031958907,-0.0042611877,0.0021305939
1619146508707,0.0021305939,0.0,0.0031958907
1619146508908,0.0021305939,-0.0010652969,0.0021305939
1619146509108,0.0021305939,-0.0010652969,0.0021305939
1619146509308,0.0021305939,0.0,0.0021305939
1619146509513,0.0021305939,-0.0010652969,0.0031958907
1619146509710,0.0010652969,-0.009587673,0.0021305939
1619146509909,0.0031958907,0.0,0.0010652969
1619146510109,0.0021305939,0.0,0.0021305939
1619146510309,0.0021305939,0.0,0.0031958907
1619146510510,0.0021305939,-0.0010652969,0.0031958907
1619146510713,0.0021305939,-0.0010652969,0.0031958907
1619146510914,0.0031958907,-0.0010652969,0.0021305939
1619146511110,0.0042611877,0.015979454,0.0021305939
1619146511310,0.0021305939,0.0,0.0021305939
1619146511510,0.0021305939,-0.0010652969,0.0031958907
1619146511710,0.0021305939,0.0,0.0021305939
1619146511910,0.0021305939,0.0,0.0021305939
1619146512112,0.0031958907,-0.0010652969,0.0031958907
1619146512310,0.0021305939,0.0,0.0021305939
1619146512511,0.0021305939,-0.0010652969,0.0021305939
1619146512711,0.0021305939,0.0,0.0021305939
1619146512912,0.0021305939,-0.0010652969,0.0021305939
1619146513115,0.0010652969,-0.0010652969,0.0021305939
1619146513314,0.0021305939,-0.0010652969,0.0021305939
1619146513515,0.0021305939,0.0,0.0021305939
1619146513715,0.0021305939,-0.0010652969,0.0021305939
1619146513916,0.0021305939,0.0,0.0021305939
1619146514117,0.0021305939,0.0,0.0021305939
1619146514315,0.0021305939,0.0,0.0021305939
1619146514513,0.0021305939,0.011718267,0.0021305939
1619146514712,0.0021305939,-0.0010652969,0.0021305939
1619146514913,0.0031958907,-0.0010652969,0.0021305939
1619146515113,0.0021305939,-0.0010652969,0.0021305939
1619146515314,0.0031958907,-0.0010652969,0.0031958907
1619146515517,0.0021305939,-0.0010652969,0.0021305939
1619146515715,0.0021305939,-0.0021305939,0.0021305939
1619146515913,0.0021305939,0.0,0.0021305939
1619146516114,0.0021305939,-0.0010652969,0.0021305939
1619146516314,0.0031958907,0.0,0.0021305939
1619146516517,0.0021305939,-0.0010652969,0.0021305939
1619146516715,0.0021305939,-0.0085223755,0.0021305939
1619146516914,0.0021305939,0.0,0.0021305939
1619146517116,0.0031958907,0.0,0.0021305939
1619146517315,0.0010652969,0.0,0.0042611877
1619146517516,0.0021305939,0.0,0.0021305939
1619146517719,0.0021305939,-0.0010652969,0.0031958907
1619146517920,0.0021305939,0.0,0.0021305939
1619146518120,0.0021305939,-0.0010652969,0.0021305939
1619146518315,0.0031958907,-0.0031958907,0.0021305939
1619146518515,0.0021305939,-0.0010652969,0.0021305939
1619146518723,0.0021305939,-0.0010652969,0.0021305939
1619146518917,0.0021305939,0.0,0.0021305939
1619146519116,0.0021305939,0.0,0.0021305939
1619146519317,0.0021305939,0.0,0.0031958907
1619146519519,0.0021305939,-0.0010652969,0.0021305939
1619146519719,0.0021305939,-0.0010652969,0.0021305939
1619146519917,0.0021305939,0.0010652969,0.0021305939
1619146520125,0.0021305939,0.0,0.0031958907
1619146520318,0.0021305939,0.0,0.0021305939
1619146520517,0.0021305939,0.0010652969,0.0021305939
1619146520717,0.0021305939,-0.0010652969,0.0031958907
1619146520923,0.0021305939,0.0,0.0021305939
1619146521123,0.0031958907,0.0,0.0021305939
1619146521322,0.0021305939,-0.0010652969,0.0021305939
1619146521523,0.0031958907,0.0,0.0021305939
1619146521722,0.0021305939,-0.0010652969,0.0021305939
1619146521924,0.0031958907,0.0010652969,0.0021305939
1619146522124,0.0021305939,-0.0010652969,0.0021305939
1619146522320,0.0010652969,0.0,0.0031958907
1619146522518,0.0021305939,0.0,0.0021305939
1619146522720,0.0021305939,0.0,0.0021305939
1619146522920,0.0031958907,0.0,0.0031958907
1619146523120,0.0021305939,-0.0010652969,0.0021305939
1619146523321,0.0021305939,-0.0010652969,0.0021305939
1619146523524,0.0021305939,-0.0010652969,0.0021305939
1619146523724,0.0021305939,0.0,0.0021305939
1619146523925,0.0021305939,0.0,0.0021305939
1619146524120,0.0010652969,0.0010652969,0.0021305939
1619146524320,0.0031958907,0.0,0.0021305939
1619146524521,0.0021305939,-0.0010652969,0.0031958907
1619146524721,0.0021305939,-0.0010652969,0.0021305939
1619146524921,0.0021305939,0.0,0.0021305939
1619146525125,0.0010652969,0.0,0.0021305939
1619146525323,0.0031958907,0.0,0.0021305939
1619146525525,0.0031958907,0.0,0.0021305939
1619146525726,0.0021305939,0.0,0.0021305939
1619146525924,0.0021305939,-0.0063917814,0.0031958907
1619146526122,0.0021305939,-0.0010652969,0.0021305939
1619146526322,0.0031958907,0.0,0.0021305939
1619146526522,0.0021305939,-0.0010652969,0.0031958907
1619146526722,0.0021305939,0.0,0.0031958907
1619146526924,0.0,0.0085223755,0.0021305939
1619146527122,0.0021305939,-0.0010652969,0.0021305939
1619146527323,0.0021305939,0.0,0.0031958907
1619146527523,0.0031958907,0.0,0.0021305939
1619146527723,0.0021305939,-0.0010652969,0.0021305939
1619146527927,0.0031958907,-0.0010652969,0.0021305939
1619146528126,0.0021305939,0.0,0.0021305939
1619146528324,0.0021305939,0.0,0.0021305939
1619146528526,0.0021305939,0.0,0.0021305939
1619146528724,0.0021305939,0.0063917814,0.0021305939
1619146528925,0.0021305939,-0.0010652969,0.0031958907
1619146529125,0.0021305939,0.0,0.0021305939
1619146529326,0.0021305939,-0.0010652969,0.0021305939
1619146529525,0.0021305939,-0.0010652969,0.0021305939
1619146529728,0.0010652969,-0.0010652969,0.0010652969
1619146529929,0.0021305939,0.0,0.0021305939
1619146530130,0.0021305939,-0.0010652969,0.0031958907
1619146530330,0.0021305939,0.0,0.0021305939
1619146530528,0.0021305939,-0.0010652969,0.0021305939
1619146530729,0.0021305939,-0.0010652969,0.0021305939
1619146530931,0.0021305939,-0.0010652969,0.0021305939
1619146531131,0.0021305939,0.0,0.0031958907
1619146531330,0.0021305939,-0.0010652969,0.0021305939
1619146531529,0.0021305939,0.0,0.0021305939
1619146531729,0.0021305939,0.0,0.0031958907
1619146531929,0.0021305939,-0.0010652969,0.0021305939
1619146532131,0.0021305939,0.0,0.0021305939
1619146532327,0.0,-0.01384886,0.0031958907
1619146532527,0.0021305939,0.0,0.0021305939
1619146532728,0.0031958907,-0.0010652969,0.0021305939
1619146532927,0.0021305939,0.0,0.0021305939
1619146533128,0.0021305939,0.0,0.0031958907
1619146533333,0.0021305939,0.0,0.0021305939
1619146533530,0.0021305939,0.0,0.0031958907
1619146533728,0.0021305939,-0.0010652969,0.0031958907
1619146533927,0.0031958907,0.0,0.0031958907
1619146534130,0.0021305939,-0.0010652969,0.0021305939
1619146534330,0.0021305939,0.0,0.0021305939
1619146534529,0.0021305939,-0.0010652969,0.0021305939
1619146534729,0.0021305939,0.0,0.0021305939
1619146534929,0.0021305939,0.0,0.0021305939
1619146535131,0.0031958907,0.0,0.0021305939
1619146535331,0.0021305939,0.0,0.0021305939
1619146535532,0.0021305939,0.0,0.0021305939
1619146535729,0.0021305939,0.0010652969,0.0021305939
1619146535930,0.0021305939,-0.0010652969,0.0031958907
1619146536131,0.0021305939,0.0,0.0010652969
1619146536332,0.0021305939,0.0,0.0031958907
1619146536530,0.0021305939,0.0,0.0031958907
1619146536733,0.0021305939,0.0,0.0021305939
1619146536933,0.0031958907,0.022371236,0.0021305939
1619146537131,0.0021305939,0.0,0.0021305939
1619146537331,0.0021305939,0.0,0.0021305939
1619146537532,0.0021305939,0.0,0.0031958907
1619146537733,0.0021305939,0.0,0.0021305939
1619146537936,0.0021305939,-0.0010652969,0.0021305939
1619146538135,0.0031958907,-0.0010652969,0.0021305939
1619146538332,0.0021305939,-0.0010652969,0.0021305939
1619146538534,0.0021305939,0.0,0.0021305939
1619146538733,0.0031958907,-0.0010652969,0.0031958907
1619146538933,0.0021305939,0.0,0.0021305939
1619146539136,0.0021305939,0.0,0.0021305939
1619146539337,0.0031958907,0.0,0.0021305939
1619146539535,0.0021305939,0.0,0.0021305939
1619146539736,0.0021305939,0.0,0.0031958907
1619146539942,0.0021305939,0.0031958907,0.0021305939
1619146540133,0.0021305939,-0.0010652969,0.0031958907
1619146540333,0.0031958907,0.0,0.0021305939
1619146540533,0.0021305939,-0.0010652969,0.0021305939
1619146540736,0.0021305939,0.0,0.0021305939
1619146540934,0.0021305939,0.0,0.0021305939
1619146541134,0.0021305939,-0.0010652969,0.0021305939
1619146541335,0.0021305939,0.0,0.0021305939
1619146541534,0.0021305939,-0.0042611877,0.0021305939
1619146541734,0.0021305939,-0.0010652969,0.0021305939
1619146541936,0.0031958907,-0.0010652969,0.0021305939
1619146542136,0.0021305939,-0.0010652969,0.0021305939
1619146542336,0.0021305939,-0.0010652969,0.0021305939
1619146542537,0.0042611877,0.031958908,0.0021305939
1619146542735,0.0010652969,-0.0010652969,0.0021305939
1619146542935,0.0021305939,-0.0010652969,0.0010652969
1619146543136,0.0021305939,0.0,0.0031958907
1619146543336,0.0021305939,-0.0010652969,0.0021305939
1619146543535,0.0031958907,0.0,0.0031958907
1619146543740,0.0021305939,-0.0010652969,0.0031958907
1619146543937,0.0021305939,-0.0042611877,0.0021305939
1619146544136,0.0021305939,-0.0010652969,0.0021305939
1619146544338,0.0021305939,0.0,0.0021305939
1619146544537,0.0010652969,0.0,0.0021305939
1619146544737,0.0021305939,0.0,0.0021305939
1619146544941,0.0021305939,-0.0010652969,0.0031958907
1619146545141,0.0021305939,0.0,0.0021305939
1619146545342,0.0021305939,0.0,0.0021305939
1619146545542,0.0021305939,-0.0010652969,0.0021305939
1619146545745,0.0021305939,-0.014914157,0.0021305939
1619146545938,0.0021305939,0.0,0.0021305939
1619146546138,0.0031958907,0.0,0.0021305939
1619146546338,0.0021305939,0.0,0.0031958907
1619146546539,0.0010652969,0.0,0.0021305939
1619146546741,0.0010652969,0.0085223755,0.0021305939
1619146546938,0.0021305939,0.0,0.0021305939
1619146547140,0.0021305939,0.0,0.0021305939
1619146547340,0.0021305939,-0.0010652969,0.0031958907
1619146547540,0.0021305939,-0.0010652969,0.0021305939
1619146547741,0.0042611877,0.028763017,0.0021305939
1619146547940,0.0021305939,-0.0010652969,0.0021305939
1619146548141,0.0021305939,-0.0010652969,0.0021305939
1619146548341,0.0021305939,0.0,0.0031958907
1619146548541,0.0031958907,0.0,0.0031958907
1619146548744,0.0021305939,0.0,0.0021305939
1619146548940,0.0021305939,0.0,0.0021305939
1619146549140,0.0021305939,0.0,0.0021305939
1619146549344,0.0010652969,0.0,0.0021305939
1619146549542,0.0021305939,0.0,0.0031958907
1619146549741,0.0021305939,0.0,0.0031958907
1619146549946,0.0021305939,0.0,0.0021305939
1619146550141,0.0021305939,0.0010652969,0.0031958907
1619146550341,0.0021305939,-0.0021305939,0.0031958907
1619146550542,0.0021305939,0.0,0.0021305939
1619146550743,0.0021305939,0.0,0.0031958907
1619146550943,0.0021305939,0.0,0.0021305939
1619146551147,0.0021305939,0.0,0.0031958907
1619146551347,0.0021305939,-0.0010652969,0.0021305939
1619146551543,0.0021305939,-0.0010652969,0.0031958907
1619146551748,0.0031958907,-0.0010652969,0.0021305939
1619146551946,0.0021305939,-0.0010652969,0.0021305939
1619146552147,0.0021305939,0.0,0.0021305939
1619146552347,0.0021305939,-0.0010652969,0.0031958907
1619146552546,0.0021305939,0.0,0.0021305939
1619146552743,0.0021305939,-0.0010652969,0.0021305939
1619146552948,0.0021305939,-0.0010652969,0.0021305939
1619146553149,0.0021305939,-0.0010652969,0.0031958907
1619146553347,0.0021305939,0.0,0.0021305939
1619146553549,0.0021305939,-0.0010652969,0.0021305939
1619146553749,0.0021305939,0.0010652969,0.0021305939
1619146553949,0.0021305939,0.0,0.0021305939
1619146554149,0.0021305939,-0.0010652969,0.0021305939
1619146554348,0.0031958907,-0.0010652969,0.0021305939
1619146554547,0.0031958907,0.0,0.0031958907
1619146554750,0.0021305939,0.0,0.0021305939
1619146554950,0.0021305939,0.0,0.0031958907
1619146555150,0.0021305939,-0.0010652969,0.0021305939
1619146555350,0.0021305939,0.0,0.0021305939
1619146555547,0.0021305939,-0.0010652969,0.0021305939
1619146555751,0.0021305939,0.0,0.0021305939
1619146555947,0.0021305939,-0.0010652969,0.0021305939
1619146556149,0.0021305939,0.0,0.0021305939
1619146556347,0.0021305939,-0.0010652969,0.0021305939
1619146556547,0.0021305939,-0.0010652969,0.0021305939
1619146556751,0.0021305939,-0.0010652969,0.0031958907
1619146556950,0.0021305939,0.0,0.0021305939
1619146557150,0.0021305939,0.0,0.0021305939
1619146557351,0.0021305939,-0.0010652969,0.0021305939
1619146557549,0.0021305939,-0.0010652969,0.0021305939
1619146557751,0.0021305939,-0.0010652969,0.0031958907
1619146557951,0.0031958907,0.0,0.0021305939
1619146558151,0.0021305939,-0.0010652969,0.0021305939
1619146558347,0.0021305939,0.015979454,0.0021305939
1619146558547,0.0031958907,0.0,0.0031958907
1619146558748,0.0021305939,0.0,0.0021305939
1619146558950,0.0021305939,-0.0010652969,0.0031958907
1619146559149,0.0021305939,-0.0010652969,0.0031958907
1619146559354,0.0021305939,-0.0010652969,0.0031958907
1619146559549,0.0031958907,-0.0021305939,0.0031958907
1619146559748,0.0021305939,0.0,0.0021305939
1619146559952,0.0021305939,0.0,0.0021305939
1619146560150,0.0031958907,0.0,0.0021305939
1619146560351,0.0021305939,0.0,0.0031958907
1619146560549,0.0021305939,-0.0085223755,0.0021305939
1619146560749,0.0021305939,0.0,0.0021305939
1619146560951,0.0021305939,0.0,0.0021305939
1619146561151,0.0021305939,0.0,0.0031958907
1619146561352,0.0021305939,0.0,0.0021305939
1619146561551,0.0021305939,0.0,0.0021305939
1619146561756,0.0031958907,-0.0010652969,0.0021305939
1619146561950,0.0021305939,0.0,0.0021305939
1619146562150,0.0021305939,0.0,0.0021305939
1619146562352,0.0021305939,0.0,0.0021305939
1619146562552,0.0010652969,0.0,0.0031958907
1619146562751,0.0021305939,0.0,0.0021305939
1619146562955,0.0021305939,-0.0010652969,0.0021305939
1619146563151,0.0010652969,-0.01384886,0.0021305939
1619146563351,0.0021305939,-0.0010652969,0.0021305939
1619146563553,0.0021305939,0.0,0.0021305939
1619146563754,0.0021305939,0.0,0.0031958907
1619146563953,0.0021305939,0.0,0.0021305939
1619146564157,0.0021305939,0.0010652969,0.0021305939
1619146564357,0.0021305939,0.0,0.0021305939
1619146564556,0.0021305939,0.0,0.0021305939
1619146564758,0.0021305939,0.0,0.0021305939
1619146564958,0.0021305939,0.0,0.0021305939
1619146565159,0.0021305939,0.0,0.0021305939
1619146565359,0.0021305939,0.0,0.0021305939
1619146565555,0.0021305939,-0.0010652969,0.0031958907
1619146565759,0.0021305939,-0.0010652969,0.0021305939
1619146565959,0.0021305939,0.0010652969,0.0021305939
1619146566159,0.0021305939,-0.0010652969,0.0021305939
1619146566359,0.0021305939,0.0,0.0021305939
1619146566559,0.0021305939,0.0,0.0021305939
1619146566760,0.0010652969,0.0,0.0031958907
1619146566959,0.0021305939,0.0,0.0021305939
1619146567160,0.0021305939,0.0,0.0021305939
1619146567360,0.0021305939,0.0,0.0021305939
1619146567560,0.0021305939,-0.0010652969,0.0021305939
1619146567760,0.0021305939,0.0,0.0021305939
1619146567961,0.0031958907,-0.0010652969,0.0021305939
1619146568161,0.0021305939,-0.0010652969,0.0021305939
1619146568361,0.0021305939,0.0,0.0021305939
1619146568561,0.0031958907,0.0,0.0031958907
1619146568761,0.0021305939,-0.0010652969,0.0010652969
1619146568960,0.0021305939,0.0,0.0021305939
1619146569162,0.0021305939,0.0,0.0021305939
1619146569362,0.0021305939,-0.0010652969,0.0021305939
1619146569562,0.0021305939,0.0,0.0021305939
1619146569762,0.0021305939,-0.0010652969,0.0021305939
1619146569962,0.0021305939,0.0,0.0021305939
1619146570163,0.0031958907,-0.0010652969,0.0010652969
1619146570363,0.0021305939,0.0,0.0021305939
1619146570563,0.0021305939,-0.0010652969,0.0021305939
1619146570761,0.0021305939,0.0,0.0021305939
1619146570960,0.0031958907,-0.0010652969,0.0031958907
1619146571161,0.0010652969,-0.0010652969,0.0021305939
1619146571360,0.0021305939,-0.0010652969,0.0021305939
1619146571562,0.0021305939,0.0,0.0021305939
1619146571763,0.0021305939,0.0,0.0031958907
1619146571963,0.0021305939,0.0,0.0021305939
1619146572163,0.0021305939,-0.0010652969,0.0021305939
1619146572363,0.0031958907,0.0,0.0021305939
1619146572561,0.0021305939,0.0,0.0031958907
1619146572763,0.0021305939,-0.0010652969,0.0010652969
1619146572964,0.0021305939,0.0,0.0021305939
1619146573163,0.0021305939,0.0,0.0021305939
1619146573364,0.0021305939,-0.0010652969,0.0031958907
1619146573562,0.0021305939,0.0,0.0021305939
1619146573761,0.0021305939,-0.0010652969,0.0021305939
1619146573964,0.0021305939,0.0,0.0031958907
1619146574166,0.0021305939,0.0,0.0021305939
1619146574366,0.0021305939,-0.0010652969,0.0021305939
1619146574566,0.0021305939,-0.0010652969,0.0010652969
1619146574766,0.0021305939,0.0,0.0021305939
1619146574966,0.0021305939,-0.0010652969,0.0021305939
1619146575161,0.0031958907,0.012783563,0.0021305939
1619146575361,0.0021305939,0.0,0.0021305939
1619146575562,0.0021305939,0.0,0.0021305939
1619146575764,0.0021305939,0.0,0.0021305939
1619146575964,0.0021305939,0.0,0.0031958907
1619146576167,0.0021305939,0.0,0.0021305939
1619146576362,0.0021305939,0.02130594,0.0021305939
1619146576563,0.0010652969,-0.0010652969,0.0021305939
1619146576765,0.0021305939,0.0,0.0031958907
1619146576964,0.0021305939,0.0,0.0021305939
1619146577163,0.0031958907,-0.0010652969,0.0021305939
1619146577363,0.0021305939,-0.0010652969,0.0021305939
1619146577564,0.0021305939,-0.0010652969,0.0021305939
1619146577766,0.0021305939,-0.0010652969,0.0021305939
1619146577964,0.0021305939,0.0010652969,0.0021305939
1619146578169,0.0021305939,0.0,0.0031958907
1619146578364,0.0031958907,-0.0042611877,0.0021305939
1619146578565,0.0021305939,0.0,0.0031958907
1619146578767,0.0021305939,0.0,0.0021305939
1619146578965,0.0021305939,0.0,0.0031958907
1619146579166,0.0021305939,0.0,0.0021305939
1619146579370,0.0021305939,0.0,0.0021305939
1619146579571,0.0021305939,0.0,0.0021305939
1619146579770,0.0021305939,0.0010652969,0.0021305939
1619146579970,0.0021305939,-0.0010652969,0.0021305939
1619146580165,0.0,-0.014914157,0.0021305939
1619146580365,0.0021305939,0.0,0.0021305939
1619146580566,0.0021305939,0.0,0.0031958907
1619146580770,0.0021305939,-0.0010652969,0.0021305939
1619146580968,0.0021305939,-0.0010652969,0.0021305939
1619146581170,0.0021305939,0.0,0.0021305939
1619146581372,0.0031958907,0.0,0.0031958907
1619146581572,0.0021305939,-0.0010652969,0.0021305939
1619146581769,0.0021305939,0.0,0.0021305939
1619146581972,0.0021305939,0.0,0.0021305939
1619146582171,0.0021305939,0.0,0.0021305939
1619146582373,0.0021305939,0.0,0.0021305939
1619146582568,0.0031958907,0.0010652969,0.0021305939
1619146582768,0.0021305939,0.0,0.0021305939
1619146582970,0.0021305939,0.0,0.0021305939
1619146583170,0.0021305939,0.0,0.0031958907
1619146583368,0.0010652969,-0.005326485,0.0031958907
1619146583568,0.0021305939,0.0,0.0021305939
1619146583770,0.0021305939,-0.0010652969,0.0031958907
1619146583969,0.0021305939,-0.0010652969,0.0031958907
1619146584169,0.0021305939,-0.0010652969,0.0021305939
1619146584369,0.0021305939,-0.0010652969,0.0021305939
1619146584573,0.0021305939,0.0,0.0021305939
1619146584770,0.0021305939,-0.0010652969,0.0021305939
1619146584972,0.0021305939,-0.0010652969,0.0021305939
1619146585169,0.0021305939,-0.0010652969,0.0021305939
1619146585371,0.0021305939,-0.0010652969,0.0031958907
1619146585570,0.0021305939,0.0,0.0021305939
1619146585771,0.0021305939,0.0,0.0031958907
1619146585970,0.0021305939,-0.0010652969,0.0021305939
1619146586171,0.0021305939,-0.0010652969,0.0021305939
1619146586371,0.0031958907,-0.0010652969,0.0021305939
1619146586571,0.0031958907,0.0,0.0010652969
1619146586772,0.0021305939,-0.0010652969,0.0031958907
1619146586971,0.0021305939,-0.0010652969,0.0031958907
1619146587175,0.0021305939,0.0,0.0021305939
1619146587375,0.0021305939,0.0,0.0021305939
1619146587576,0.0021305939,0.0,0.0021305939
1619146587776,0.0031958907,-0.0010652969,0.0021305939
1619146587976,0.0031958907,-0.0010652969,0.0021305939
1619146588174,0.0021305939,0.0,0.0021305939
1619146588374,0.0021305939,0.0,0.0021305939
1619146588572,0.0031958907,-0.0010652969,0.0021305939
1619146588778,0.0021305939,0.0,0.0021305939
1619146588973,0.0010652969,-0.0010652969,0.0031958907
1619146589173,0.0031958907,0.0,0.0021305939
1619146589374,0.0031958907,0.0,0.0021305939
1619146589573,0.0021305939,0.0,0.0031958907
1619146589775,0.0021305939,0.0,0.0021305939
1619146589974,0.0021305939,0.0,0.0021305939
1619146590177,0.0021305939,-0.0010652969,0.0031958907
1619146590375,0.0021305939,0.0,0.0021305939
1619146590575,0.0021305939,0.0,0.0021305939
1619146590774,0.0021305939,-0.012783563,0.0021305939
1619146590978,0.0031958907,0.0,0.0021305939
1619146591176,0.0021305939,0.0,0.0021305939
1619146591376,0.0021305939,-0.0010652969,0.0021305939
1619146591575,0.0010652969,0.0010652969,0.0021305939
1619146591775,0.0021305939,0.0,0.0021305939
1619146591975,0.0021305939,0.0,0.0021305939
1619146592176,0.0031958907,-0.0010652969,0.0021305939
1619146592376,0.0021305939,-0.0010652969,0.0021305939
1619146592581,0.0021305939,-0.0010652969,0.0021305939
1619146592782,0.0031958907,0.0010652969,0.0021305939
1619146592977,0.0021305939,-0.0042611877,0.0031958907
1619146593176,0.0021305939,-0.0010652969,0.0021305939
1619146593377,0.0031958907,0.0,0.0021305939
1619146593576,0.0021305939,-0.0010652969,0.0021305939
1619146593777,0.0021305939,0.0,0.0021305939
1619146593982,0.0021305939,0.0,0.0021305939
1619146594182,0.0021305939,-0.0010652969,0.0021305939
1619146594382,0.0021305939,0.0,0.0021305939
1619146594582,0.0021305939,0.0,0.0021305939
1619146594779,0.0021305939,0.0,0.0021305939
1619146594980,0.0021305939,0.0,0.0021305939
1619146595183,0.0021305939,-0.0010652969,0.0021305939
1619146595382,0.0021305939,0.0,0.0021305939
1619146595583,0.0021305939,0.0,0.0021305939
1619146595783,0.0031958907,-0.0010652969,0.0031958907
1619146595981,0.0021305939,-0.0010652969,0.0021305939
1619146596184,0.0021305939,0.0,0.0021305939
1619146596384,0.0021305939,0.0,0.0031958907
1619146596584,0.0031958907,-0.0010652969,0.0021305939
1619146596784,0.0021305939,-0.0010652969,0.0021305939
1619146596979,0.0021305939,0.0010652969,0.0021305939
1619146597179,0.0021305939,0.0,0.0021305939
1619146597380,0.0021305939,0.0,0.0021305939
1619146597585,0.0021305939,-0.0010652969,0.0010652969
1619146597780,0.0021305939,-0.0010652969,0.0021305939
1619146597980,0.0,-0.0085223755,0.0021305939
1619146598181,0.0021305939,-0.0010652969,0.0031958907
1619146598381,0.0021305939,-0.0010652969,0.0021305939
1619146598583,0.0031958907,-0.0010652969,0.0021305939
1619146598782,0.0031958907,0.0,0.0021305939
1619146598985,0.0031958907,-0.0021305939,0.0021305939
1619146599181,0.0021305939,-0.0010652969,0.0021305939
1619146599381,0.0021305939,0.0,0.0021305939
1619146599582,0.0021305939,0.0,0.0021305939
1619146599782,0.0031958907,-0.0010652969,0.0021305939
1619146599987,0.0021305939,0.0,0.0021305939
1619146600182,0.0031958907,0.011718267,0.0021305939
1619146600382,0.0021305939,0.0,0.0021305939
1619146600587,0.0021305939,0.0,0.0021305939
1619146600783,0.0021305939,-0.0010652969,0.0021305939
1619146600982,0.0021305939,-0.0010652969,0.0021305939
1619146601184,0.0021305939,-0.0010652969,0.0021305939
1619146601389,0.0042611877,0.03728539,0.0021305939
1619146601582,0.0021305939,0.0,0.0021305939
1619146601784,0.0031958907,-0.0010652969,0.0021305939
1619146601984,0.0021305939,0.0,0.0010652969
1619146602184,0.0031958907,0.0,0.0021305939
1619146602385,0.0021305939,0.0,0.0031958907
1619146602587,0.0021305939,0.0,0.0021305939
1619146602788,0.0031958907,-0.0010652969,0.0021305939
1619146602988,0.0021305939,-0.0010652969,0.0021305939
1619146603187,0.0021305939,0.0,0.0021305939
1619146603386,0.0031958907,-0.0010652969,0.0021305939
1619146603584,0.0021305939,0.0,0.0021305939
1619146603788,0.0021305939,-0.0010652969,0.0021305939
1619146603990,0.0021305939,-0.0010652969,0.0021305939
1619146604190,0.0021305939,0.0,0.0021305939
1619146604390,0.0021305939,0.0,0.0021305939
1619146604591,0.0021305939,-0.0010652969,0.0021305939
1619146604791,0.0031958907,0.0,0.0021305939
1619146604990,0.0031958907,-0.0042611877,0.0021305939
1619146605186,0.0021305939,0.0,0.0031958907
1619146605389,0.0021305939,0.0,0.0021305939
1619146605588,0.0031958907,-0.0010652969,0.0021305939
1619146605788,0.0031958907,0.0,0.0031958907
1619146605989,0.0031958907,-0.0021305939,0.0021305939
1619146606187,0.0021305939,-0.0010652969,0.0021305939
1619146606389,0.0031958907,-0.0010652969,0.0010652969
1619146606589,0.0021305939,0.0,0.0021305939
1619146606788,0.0021305939,0.0,0.0021305939
1619146606991,0.0021305939,0.0,0.0021305939
1619146607192,0.0031958907,0.022371236,0.0021305939
1619146607388,0.0031958907,0.0,0.0021305939
1619146607591,0.0021305939,0.0,0.0021305939
1619146607791,0.0021305939,0.0,0.0021305939
1619146607990,0.0021305939,-0.0010652969,0.0021305939
1619146608191,0.0010652969,0.01384886,0.0021305939
1619146608389,0.0021305939,0.0,0.0021305939
1619146608589,0.0021305939,0.0,0.0010652969
1619146608790,0.0021305939,0.0,0.0021305939
1619146608990,0.0021305939,0.0,0.0021305939
1619146609194,0.0031958907,-0.0010652969,0.0021305939
1619146609394,0.0021305939,0.0,0.0021305939
1619146609595,0.0021305939,0.0,0.0021305939
1619146609795,0.0021305939,-0.0010652969,0.0021305939
1619146609992,0.0021305939,-0.0042611877,0.0021305939
1619146610190,0.0031958907,0.0,0.0021305939
1619146610393,0.0021305939,0.0,0.0021305939
1619146610591,0.0021305939,0.0,0.0031958907
1619146610791,0.0021305939,0.0,0.0021305939
1619146610991,0.0021305939,0.0,0.0031958907
1619146611195,0.0021305939,0.0,0.0021305939
1619146611396,0.0021305939,-0.0010652969,0.0021305939
1619146611596,0.0021305939,-0.0010652969,0.0021305939
1619146611796,0.0021305939,0.0,0.0031958907
1619146611992,0.0021305939,0.0,0.0021305939
1619146612196,0.0021305939,0.0,0.0021305939
1619146612397,0.0031958907,-0.0010652969,0.0021305939
1619146612597,0.0021305939,0.0010652969,0.0010652969
1619146612797,0.0021305939,-0.0010652969,0.0021305939
1619146612997,0.0021305939,0.0010652969,0.0021305939
1619146613196,0.0021305939,0.0,0.0021305939
1619146613397,0.0031958907,0.0,0.0021305939
1619146613597,0.0031958907,0.0,0.0021305939
1619146613798,0.0031958907,0.0,0.0031958907
1619146613993,0.0021305939,0.0,0.0021305939
1619146614197,0.0021305939,0.0,0.0021305939
1619146614398,0.0010652969,0.0,0.0021305939
1619146614599,0.0021305939,0.0,0.0021305939
1619146614797,0.0021305939,0.0,0.0021305939
1619146614994,0.0021305939,0.0,0.0021305939
1619146615199,0.0021305939,0.0,0.0021305939
1619146615399,0.0021305939,0.0,0.0021305939
1619146615600,0.0021305939,-0.0010652969,0.0021305939
1619146615796,0.0021305939,-0.0010652969,0.0021305939
1619146615995,0.0021305939,-0.0010652969,0.0021305939
1619146616197,0.0021305939,0.0,0.0021305939
1619146616397,0.0021305939,0.0,0.0021305939
1619146616599,0.0031958907,0.0,0.0021305939
1619146616798,0.0031958907,0.0,0.0021305939
1619146616996,0.0021305939,0.0,0.0021305939
1619146617195,0.0021305939,0.0010652969,0.0021305939
1619146617396,0.0031958907,0.0,0.0021305939
1619146617597,0.0021305939,0.0,0.0021305939
1619146617797,0.0010652969,0.0,0.0021305939
1619146617997,0.0021305939,0.0,0.0010652969
1619146618196,0.0021305939,0.0,0.0021305939
1619146618396,0.0031958907,0.0,0.0021305939
1619146618597,0.0031958907,0.0,0.0031958907
1619146618798,0.0010652969,-0.01065297,0.0021305939
1619146618997,0.0021305939,0.0,0.0031958907
1619146619199,0.0021305939,0.0,0.0010652969
1619146619401,0.0031958907,0.0031958907,0.0021305939
1619146619598,0.0031958907,-0.0010652969,0.0021305939
1619146619799,0.0021305939,-0.0010652969,0.0021305939
1619146620000,0.0021305939,-0.0010652969,0.0021305939
1619146620199,0.0021305939,-0.0010652969,0.0031958907
1619146620401,0.0031958907,-0.0010652969,0.0021305939
1619146620604,0.0021305939,-0.0010652969,0.0031958907
1619146620804,0.0021305939,-0.0010652969,0.0021305939
1619146621003,0.0031958907,-0.0010652969,0.0021305939
1619146621204,0.0021305939,-0.0010652969,0.0031958907
1619146621404,0.0021305939,-0.0010652969,0.0010652969
1619146621604,0.0021305939,-0.0010652969,0.0021305939
1619146621805,0.0021305939,0.0,0.0021305939
1619146622004,0.0021305939,-0.0010652969,0.0021305939
1619146622206,0.0021305939,-0.0010652969,0.0021305939
1619146622405,0.0021305939,-0.0010652969,0.0021305939
1619146622606,0.0021305939,0.0,0.0021305939
1619146622806,0.0031958907,-0.0010652969,0.0031958907
1619146623006,0.0021305939,0.0,0.0021305939
1619146623206,0.0021305939,0.0,0.0021305939
1619146623406,0.0021305939,0.0,0.0021305939
1619146623606,0.0021305939,0.0,0.0010652969
1619146623807,0.0010652969,-0.0010652969,0.0021305939
1619146624006,0.0021305939,-0.0010652969,0.0021305939
1619146624201,0.0021305939,-0.0042611877,0.0010652969
1619146624403,0.0021305939,-0.0010652969,0.0021305939
1619146624603,0.0031958907,-0.0010652969,0.0021305939
1619146624803,0.0031958907,0.0,0.0031958907
1619146625003,0.0021305939,0.0,0.0021305939
1619146625208,0.0031958907,0.0,0.0021305939
1619146625407,0.0031958907,0.0,0.0021305939
1619146625605,0.0031958907,-0.0010652969,0.0031958907
1619146625803,0.0021305939,0.0,0.0021305939
1619146626005,0.0021305939,0.0,0.0021305939
1619146626205,0.0021305939,0.0,0.0021305939
1619146626405,0.0010652969,0.0,0.0021305939
1619146626603,0.0021305939,-0.0031958907,0.0021305939
1619146626804,0.0021305939,-0.0010652969,0.0021305939
1619146627004,0.0021305939,-0.0010652969,0.0021305939
1619146627206,0.0021305939,0.0,0.0021305939
1619146627406,0.0021305939,-0.0010652969,0.0021305939
1619146627604,0.0021305939,-0.0021305939,0.0021305939
1619146627804,0.0021305939,-0.0010652969,0.0021305939
1619146628005,0.0021305939,-0.0010652969,0.0031958907
1619146628207,0.0021305939,-0.0010652969,0.0021305939
1619146628405,0.0021305939,0.0,0.0021305939
1619146628607,0.0021305939,0.0,0.0021305939
1619146628807,0.0021305939,0.0,0.0031958907
1619146629008,0.0021305939,0.0,0.0021305939
1619146629205,0.0031958907,-0.0010652969,0.0021305939
1619146629406,0.0021305939,0.0,0.0021305939
1619146629608,0.0021305939,-0.0010652969,0.0021305939
1619146629808,0.0021305939,-0.0010652969,0.0021305939
1619146630010,0.0031958907,0.0,0.0021305939
1619146630212,0.0021305939,-0.0010652969,0.0021305939
1619146630411,0.0021305939,-0.0010652969,0.0021305939
1619146630612,0.0021305939,-0.0010652969,0.0021305939
1619146630809,0.0031958907,0.0010652969,0.0021305939
1619146631010,0.0021305939,0.0,0.0021305939
1619146631210,0.0021305939,0.0,0.0021305939
1619146631410,0.0021305939,0.0,0.0010652969
1619146631612,0.0031958907,0.0,0.0021305939
1619146631812,0.0031958907,0.0,0.0021305939
1619146632012,0.0021305939,-0.0010652969,0.0010652969
1619146632213,0.0021305939,-0.0010652969,0.0031958907
1619146632412,0.0021305939,0.0,0.0031958907
1619146632613,0.0021305939,0.0,0.0021305939
1619146632813,0.0021305939,0.0,0.0031958907
1619146633012,0.0021305939,-0.0010652969,0.0021305939
1619146633213,0.0021305939,-0.0010652969,0.0021305939
1619146633413,0.0031958907,-0.0010652969,0.0021305939
1619146633612,0.0021305939,0.0,0.0031958907
1619146633812,0.0021305939,0.0,0.0021305939
1619146634014,0.0021305939,-0.005326485,0.0021305939
1619146634210,0.0021305939,0.0,0.0021305939
1619146634413,0.0021305939,-0.0010652969,0.0021305939
1619146634614,0.0021305939,0.0,0.0021305939
1619146634810,0.0031958907,-0.0031958907,0.0021305939
1619146635011,0.0021305939,0.0010652969,0.0021305939
1619146635213,0.0031958907,0.0,0.0031958907
1619146635413,0.0031958907,-0.0010652969,0.0031958907
1619146635611,0.0021305939,0.0,0.0021305939
1619146635812,0.0021305939,-0.0010652969,0.0021305939
1619146636014,0.0021305939,-0.014914157,0.0021305939
1619146636212,0.0021305939,0.0,0.0021305939
1619146636413,0.0031958907,-0.0010652969,0.0021305939
1619146636613,0.0021305939,-0.0010652969,0.0021305939
1619146636813,0.0031958907,0.0,0.0021305939
1619146637014,0.0010652969,0.0,0.0021305939
1619146637219,0.0021305939,0.0,0.0021305939
1619146637413,0.0021305939,0.0,0.0021305939
1619146637614,0.0021305939,0.0010652969,0.0021305939
1619146637814,0.0021305939,0.0,0.0021305939
1619146638015,0.0021305939,0.0,0.0021305939
1619146638214,0.0021305939,-0.0010652969,0.0010652969
1619146638417,0.0031958907,0.0,0.0021305939
1619146638619,0.0031958907,0.0,0.0021305939
1619146638819,0.0021305939,-0.0010652969,0.0021305939
1619146639016,0.0021305939,0.0,0.0021305939
1619146639219,0.0031958907,0.0,0.0021305939
1619146639415,0.0021305939,0.0,0.0021305939
1619146639619,0.0031958907,0.0,0.0021305939
1619146639820,0.0021305939,0.0,0.0021305939
1619146640018,0.0021305939,-0.0010652969,0.0021305939
1619146640219,0.0021305939,-0.0010652969,0.0021305939
1619146640420,0.0021305939,0.0,0.0021305939
1619146640620,0.0021305939,-0.0010652969,0.0021305939
1619146640817,0.0021305939,-0.0010652969,0.0031958907
1619146641017,0.0021305939,0.0,0.0021305939
1619146641217,0.0021305939,-0.0010652969,0.0021305939
1619146641417,0.0021305939,-0.0010652969,0.0010652969
1619146641616,0.0010652969,0.0010652969,0.0021305939
1619146641816,0.0031958907,-0.0010652969,0.0010652969
1619146642021,0.0021305939,0.0,0.0021305939
1619146642218,0.0021305939,0.0,0.0021305939
1619146642417,0.0021305939,0.0021305939,0.0021305939
1619146642621,0.0021305939,-0.0010652969,0.0021305939
1619146642817,0.0021305939,0.0,0.0021305939
1619146643021,0.0021305939,0.0,0.0021305939
1619146643218,0.0021305939,0.0,0.0021305939
1619146643419,0.0021305939,0.0,0.0021305939
1619146643623,0.0031958907,-0.0010652969,0.0021305939
1619146643822,0.0021305939,0.0,0.0021305939
1619146644021,0.0031958907,-0.0010652969,0.0010652969
1619146644221,0.0021305939,-0.0010652969,0.0021305939
1619146644418,0.0031958907,0.0,0.0021305939
1619146644619,0.0031958907,0.0,0.0031958907
1619146644819,0.0021305939,0.0,0.0021305939
1619146645021,0.0021305939,-0.0010652969,0.0031958907
1619146645220,0.0010652969,-0.03089361,0.0021305939
1619146645419,0.0021305939,0.0,0.0021305939
1619146645621,0.0021305939,-0.0010652969,0.0021305939
1619146645820,0.0021305939,0.0,0.0010652969
1619146646020,0.0021305939,0.0,0.0021305939
1619146646221,0.0021305939,0.0,0.0031958907
1619146646424,0.0021305939,0.0,0.0031958907
1619146646624,0.0021305939,0.0,0.0010652969
1619146646824,0.0031958907,0.0,0.0021305939
1619146647023,0.0021305939,0.0,0.0031958907
1619146647223,0.0031958907,0.0,0.0031958907
1619146647425,0.0021305939,-0.0010652969,0.0021305939
1619146647625,0.0021305939,0.0010652969,0.0021305939
1619146647822,0.0010652969,0.0010652969,0.0021305939
1619146648021,0.0021305939,0.0,0.0021305939
1619146648222,0.0031958907,0.0,0.0021305939
1619146648422,0.0031958907,0.0,0.0021305939
1619146648622,0.0031958907,0.02130594,0.0021305939
1619146648822,0.0021305939,-0.0010652969,0.0021305939
1619146649024,0.0021305939,0.0,0.0021305939
1619146649223,0.0031958907,0.0,0.0021305939
1619146649424,0.0,-0.022371236,0.0021305939
1619146649623,0.0021305939,-0.0010652969,0.0021305939
1619146649824,0.0021305939,-0.0010652969,0.0010652969
1619146650024,0.0031958907,0.0,0.0021305939
1619146650224,0.0021305939,0.0,0.0021305939
1619146650424,0.0021305939,0.0,0.0021305939
1619146650625,0.0021305939,0.0,0.0021305939
1619146650825,0.0021305939,-0.0010652969,0.0021305939
1619146651024,0.0021305939,0.0,0.0021305939
1619146651229,0.0021305939,0.0,0.0021305939
1619146651424,0.0021305939,0.0010652969,0.0031958907
1619146651627,0.0031958907,-0.0010652969,0.0021305939
1619146651826,0.0021305939,0.0,0.0021305939
1619146652025,0.0021305939,0.0,0.0021305939
1619146652225,0.0021305939,-0.0010652969,0.0021305939
1619146652430,0.0031958907,-0.0010652969,0.0021305939
1619146652630,0.0021305939,-0.0010652969,0.0021305939
1619146652828,0.0021305939,0.0,0.0021305939
1619146653026,0.0021305939,-0.0010652969,0.0021305939
1619146653231,0.0021305939,0.0,0.0021305939
1619146653431,0.0031958907,0.0,0.0021305939
1619146653631,0.0031958907,-0.0010652969,0.0021305939
1619146653829,0.0021305939,-0.0010652969,0.0031958907
1619146654030,0.0021305939,-0.0010652969,0.0021305939
1619146654232,0.0021305939,0.0,0.0031958907
1619146654430,0.0021305939,0.0,0.0021305939
1619146654632,0.0021305939,0.0,0.0021305939
1619146654830,0.0021305939,0.0,0.0021305939
1619146655033,0.0021305939,0.0,0.0021305939
1619146655232,0.0021305939,0.0,0.0021305939
1619146655433,0.0031958907,-0.0010652969,0.0010652969
1619146655633,0.0021305939,0.0,0.0031958907
1619146655828,0.0031958907,-0.0010652969,0.0021305939
1619146656030,0.0021305939,0.0,0.0021305939
1619146656233,0.0021305939,0.0,0.0031958907
1619146656429,0.0010652969,-0.0063917814,0.0021305939
1619146656629,0.0031958907,-0.0010652969,0.0021305939
1619146656831,0.0031958907,0.0,0.0021305939
1619146657029,0.0031958907,-0.0010652969,0.0031958907
1619146657229,0.0031958907,0.0,0.0021305939
1619146657435,0.0021305939,0.0,0.0021305939
1619146657633,0.0021305939,-0.0010652969,0.0021305939
1619146657830,0.0021305939,-0.0010652969,0.0021305939
1619146658031,0.0031958907,0.0,0.0021305939
1619146658231,0.0021305939,0.0,0.0021305939
1619146658430,0.0031958907,0.0,0.0021305939
1619146658631,0.0021305939,0.0,0.0021305939
1619146658832,0.0021305939,0.0,0.0031958907
1619146659030,0.0031958907,0.0021305939,0.0031958907
1619146659230,0.0031958907,-0.0010652969,0.0021305939
1619146659432,0.0031958907,0.0,0.0031958907
1619146659631,0.0021305939,0.0,0.0021305939
1619146659831,0.0010652969,-0.03728539,0.0031958907
1619146660031,0.0021305939,0.0,0.0021305939
1619146660233,0.0021305939,-0.0010652969,0.0021305939
1619146660433,0.0031958907,-0.0010652969,0.0031958907
1619146660633,0.0021305939,0.0,0.0021305939
1619146660833,0.0031958907,0.0,0.0021305939
1619146661034,0.0021305939,-0.0010652969,0.0010652969
1619146661234,0.0042611877,0.0,0.0
1619146661436,0.0031958907,0.0,0.0031958907
1619146661634,0.0021305939,0.0,0.0021305939
1619146661835,0.0031958907,-0.0010652969,0.0021305939
1619146662036,0.0010652969,-0.0010652969,0.0010652969
1619146662237,0.0042611877,-0.0010652969,0.0031958907
1619146662437,0.0021305939,0.0010652969,0.0021305939
1619146662637,0.0031958907,-0.02769772,0.0031958907
1619146662833,0.0021305939,0.0,0.0021305939
1619146663034,0.0010652969,0.0,0.0031958907
1619146663234,0.0010652969,-0.0010652969,0.0021305939
1619146663435,0.0010652969,0.0,0.0021305939
1619146663634,0.0021305939,-0.0010652969,0.0021305939
1619146663838,0.005326485,-0.0042611877,0.0
1619146664034,0.0021305939,0.0,0.0031958907
1619146664236,0.0010652969,-0.0010652969,0.0031958907
1619146664437,0.0021305939,0.0,0.0010652969
1619146664635,0.0021305939,0.0,0.0021305939
1619146664837,0.0021305939,0.0,0.0031958907
1619146665037,0.0021305939,0.0,0.0031958907
1619146665235,-0.0010652969,-0.0063917814,0.0010652969
1619146665435,0.0010652969,-0.0010652969,0.0021305939
1619146665636,0.0031958907,0.0,0.0021305939
1619146665837,0.0031958907,0.0,0.0021305939
1619146666036,0.0010652969,0.0021305939,0.0021305939
1619146666236,0.0031958907,-0.0010652969,0.0021305939
1619146666437,0.0031958907,0.0,0.0021305939
1619146666637,0.0021305939,0.0,0.0021305939
1619146666838,0.0021305939,-0.0010652969,0.0021305939
1619146667041,0.0021305939,-0.0010652969,0.0021305939
1619146667237,0.0021305939,0.0085223755,0.0021305939
1619146667439,0.0031958907,-0.0010652969,0.0021305939
1619146667638,0.0021305939,0.0,0.0021305939
1619146667837,0.0021305939,0.0042611877,0.0021305939
1619146668038,0.0021305939,-0.0010652969,0.0021305939
1619146668240,0.0010652969,-0.0010652969,0.0031958907
1619146668438,0.0031958907,-0.0021305939,0.0031958907
1619146668639,0.0021305939,0.0,0.0021305939
1619146668841,0.0031958907,0.0,0.0021305939
1619146669041,0.0021305939,-0.0010652969,0.0021305939
1619146669241,0.0021305939,0.0,0.0021305939
1619146669444,0.0021305939,-0.0010652969,0.0021305939
1619146669639,0.0021305939,0.0021305939,0.0021305939
1619146669839,0.0021305939,0.0,0.0021305939
1619146670041,0.0021305939,0.0,0.0021305939
1619146670241,0.0021305939,0.0,0.0021305939
1619146670441,0.0021305939,-0.014914157,0.0021305939
1619146670640,0.0021305939,-0.0010652969,0.0031958907
1619146670842,0.0021305939,-0.0010652969,0.0021305939
1619146671042,0.0021305939,0.0,0.0031958907
1619146671243,0.0021305939,0.0,0.0031958907
1619146671445,0.0010652969,0.0,0.0021305939
1619146671646,0.0021305939,0.0,0.0021305939
1619146671846,0.0021305939,0.0,0.0021305939
1619146672043,0.0031958907,-0.0010652969,0.0031958907
1619146672242,0.0031958907,0.0,0.0021305939
1619146672442,0.0031958907,0.0085223755,0.0021305939
1619146672642,0.0021305939,0.0,0.0021305939
1619146672843,0.0031958907,0.0,0.0021305939
1619146673044,0.0031958907,0.0,0.0021305939
1619146673243,0.0021305939,0.0010652969,0.0021305939
1619146673442,0.0021305939,-0.0010652969,0.0021305939
1619146673643,0.0021305939,0.0,0.0021305939
1619146673844,0.0031958907,0.0,0.0031958907
1619146674043,-0.0010652969,-0.033024207,0.0031958907
1619146674243,0.0021305939,-0.0010652969,0.0031958907
1619146674444,0.0021305939,-0.0010652969,0.0021305939
1619146674645,0.0031958907,0.005326485,0.0021305939
1619146674844,0.0031958907,-0.0010652969,0.0021305939
1619146675044,0.0021305939,0.0,0.0021305939
1619146675245,0.0031958907,-0.0010652969,0.0021305939
1619146675445,0.0021305939,-0.0010652969,0.0021305939
1619146675645,0.0021305939,0.0,0.0031958907
1619146675847,0.0021305939,-0.0010652969,0.0031958907
1619146676046,0.0021305939,0.0,0.0021305939
1619146676245,0.0031958907,0.02130594,0.0021305939
1619146676444,0.0031958907,0.0,0.0021305939
1619146676645,0.0021305939,-0.0010652969,0.0021305939
1619146676845,0.0021305939,0.0,0.0021305939
1619146677046,0.0021305939,0.0,0.0021305939
1619146677249,0.0021305939,0.0,0.0021305939
1619146677450,0.0021305939,0.0,0.0021305939
1619146677650,0.0021305939,0.0,0.0021305939
1619146677850,0.0021305939,0.0,0.0031958907
1619146678050,0.0021305939,0.0,0.0031958907
1619146678251,0.0031958907,-0.0010652969,0.0021305939
1619146678447,0.0021305939,0.0,0.0021305939
1619146678646,0.0031958907,0.0,0.0021305939
1619146678851,0.0021305939,0.0,0.0021305939
1619146679052,0.0021305939,0.0,0.0021305939
1619146679253,0.0021305939,-0.0010652969,0.0031958907
1619146679453,0.0021305939,0.0,0.0021305939
1619146679653,0.0021305939,0.0,0.0021305939
1619146679853,0.0021305939,0.0,0.0021305939
1619146680049,0.0021305939,0.0,0.0031958907
1619146680250,0.0021305939,-0.0010652969,0.0021305939
1619146680453,0.0021305939,0.0,0.0021305939
1619146680653,0.0021305939,0.0,0.0021305939
1619146680854,0.0031958907,-0.0010652969,0.0021305939
1619146681053,0.0021305939,-0.0010652969,0.0021305939
1619146681252,0.0021305939,0.0,0.0021305939
1619146681454,0.0021305939,0.0,0.0021305939
1619146681653,0.0021305939,0.0,0.0031958907
1619146681855,0.0021305939,0.0,0.0021305939
1619146682054,0.0021305939,0.0,0.0021305939
1619146682254,0.0021305939,0.0,0.0021305939
1619146682455,0.0021305939,-0.0010652969,0.0021305939
1619146682653,0.0021305939,0.0,0.0031958907
1619146682854,0.0031958907,0.0,0.0021305939
1619146683054,0.0021305939,-0.0010652969,0.0021305939
1619146683255,0.0031958907,0.0,0.0021305939
1619146683456,0.0021305939,0.0,0.0021305939
1619146683656,0.0021305939,0.0,0.0021305939
1619146683856,0.0021305939,0.0,0.0021305939
1619146684056,0.0021305939,0.0,0.0021305939
1619146684256,0.0021305939,-0.0010652969,0.0031958907
1619146684457,0.0031958907,0.0,0.0021305939
1619146684657,0.0021305939,0.0,0.0021305939
1619146684857,0.0021305939,0.0,0.0021305939
1619146685057,0.0021305939,0.0,0.0031958907
1619146685257,0.0021305939,0.0,0.0021305939
1619146685457,0.0031958907,-0.0010652969,0.0021305939
1619146685658,0.0021305939,-0.0010652969,0.0021305939
1619146685857,0.0031958907,0.0,0.0021305939
1619146686057,0.0021305939,0.0,0.0021305939
1619146686258,0.0021305939,0.0,0.0031958907
1619146686459,0.0021305939,-0.0010652969,0.0031958907
1619146686659,0.0021305939,0.0,0.0021305939
1619146686859,0.0021305939,0.0,0.0021305939
1619146687059,0.0031958907,-0.0010652969,0.0021305939
1619146687259,0.0031958907,0.0,0.0021305939
1619146687457,0.0021305939,0.0,0.0021305939
1619146687659,0.0021305939,0.0,0.0021305939
1619146687859,0.0021305939,-0.0010652969,0.0021305939
1619146688059,0.0021305939,-0.0010652969,0.0021305939
1619146688255,0.0021305939,0.0,0.0031958907
1619146688460,0.0021305939,0.0,0.0021305939
1619146688660,0.0021305939,0.0,0.0021305939
1619146688860,0.0021305939,0.0,0.0031958907
1619146689061,0.0021305939,-0.0010652969,0.0021305939
1619146689260,0.0021305939,-0.0010652969,0.0021305939
1619146689461,0.0021305939,0.0,0.0021305939
1619146689661,0.0021305939,0.0,0.0031958907
1619146689861,0.0031958907,0.0,0.0021305939
1619146690062,0.0031958907,-0.0010652969,0.0021305939
1619146690262,0.0031958907,0.0,0.0021305939
1619146690460,0.0021305939,-0.0010652969,0.0021305939
1619146690662,0.0031958907,0.0,0.0021305939
1619146690857,0.0021305939,0.0,0.0021305939
1619146691059,0.0021305939,0.0,0.0021305939
1619146691258,0.0021305939,0.0,0.0021305939
1619146691462,0.0021305939,0.0,0.0021305939
1619146691662,0.0031958907,0.0,0.0021305939
1619146691862,0.0031958907,0.0,0.0021305939
1619146692062,0.0021305939,-0.0010652969,0.0031958907
1619146692262,0.0021305939,0.0,0.0021305939
1619146692461,0.0021305939,-0.0010652969,0.0031958907
1619146692662,0.0021305939,-0.0010652969,0.0021305939
1619146692863,0.0010652969,-0.0010652969,0.0021305939
1619146693063,0.0010652969,0.0,0.0021305939
1619146693261,0.0031958907,-0.0010652969,0.0031958907
1619146693460,0.0021305939,0.0,0.0031958907
1619146693659,0.0021305939,0.0,0.0021305939
1619146693862,0.0021305939,0.0010652969,0.0021305939
1619146694066,0.0021305939,0.0,0.0021305939
1619146694266,0.0021305939,0.0,0.0021305939
1619146694464,0.0021305939,-0.0010652969,0.0021305939
1619146694666,0.0021305939,0.0,0.0021305939
1619146694866,0.0021305939,0.0,0.0021305939
1619146695066,0.0021305939,0.0,0.0021305939
1619146695266,0.0021305939,0.0,0.0031958907
1619146695474,0.0021305939,-0.005326485,0.0021305939
1619146695662,0.0031958907,-0.0010652969,0.0021305939
1619146695863,0.0021305939,-0.0010652969,0.0021305939
1619146696063,0.0021305939,-0.0010652969,0.0021305939
1619146696264,0.0031958907,0.0,0.0021305939
1619146696462,0.0021305939,-0.0010652969,0.0021305939
1619146696661,0.0021305939,0.0,0.0021305939
1619146696862,0.0021305939,-0.0010652969,0.0021305939
1619146697065,0.0021305939,-0.0010652969,0.0021305939
1619146697263,0.0021305939,-0.0010652969,0.0021305939
1619146697462,0.0021305939,0.0,0.0021305939
1619146697663,0.0021305939,-0.0010652969,0.0021305939
1619146697865,0.0021305939,-0.0010652969,0.0021305939
1619146698063,0.0021305939,-0.019175345,0.0021305939
1619146698264,0.0021305939,0.0,0.0021305939
1619146698465,0.0021305939,-0.0010652969,0.0021305939
1619146698671,0.0010652969,-0.009587673,0.0031958907
1619146698863,0.0021305939,0.0,0.0021305939
1619146699067,0.0021305939,0.0,0.0031958907
1619146699266,0.0021305939,0.0,0.0021305939
1619146699466,0.0031958907,0.0,0.0010652969
1619146699669,0.0021305939,0.0,0.0031958907
1619146699865,0.0021305939,-0.0010652969,0.0031958907
1619146700070,0.0021305939,0.0,0.0021305939
1619146700270,0.0021305939,0.0,0.0031958907
1619146700469,0.0021305939,-0.0010652969,0.0031958907
1619146700669,0.0031958907,0.0,0.0021305939
1619146700870,0.0021305939,-0.0010652969,0.0021305939
1619146701071,0.0031958907,0.0,0.0021305939
1619146701270,0.0021305939,0.0,0.0021305939
1619146701470,0.0021305939,0.0,0.0021305939
1619146701671,0.0021305939,-0.0010652969,0.0021305939
1619146701875,0.0021305939,0.0031958907,0.0021305939
1619146702066,0.0031958907,0.0,0.0021305939
1619146702267,0.0021305939,0.0,0.0021305939
1619146702468,0.0021305939,0.0,0.0021305939
1619146702669,0.0031958907,0.0,0.0031958907
1619146702867,0.0021305939,0.0010652969,0.0021305939
1619146703067,0.0021305939,0.0,0.0031958907
1619146703267,0.005326485,0.03089361,0.0021305939
1619146703467,0.0021305939,-0.0010652969,0.0021305939
1619146703669,0.0021305939,-0.0010652969,0.0021305939
1619146703870,0.0021305939,0.0,0.0021305939
1619146704068,0.0021305939,-0.0010652969,0.0031958907
1619146704269,0.0021305939,0.0,0.0021305939
1619146704470,0.0021305939,-0.0010652969,0.0021305939
1619146704672,0.0021305939,0.0010652969,0.0021305939
1619146704868,0.0021305939,-0.0063917814,0.0021305939
1619146705069,0.0021305939,-0.0010652969,0.0021305939
1619146705270,0.0021305939,0.0,0.0021305939
1619146705471,0.0031958907,-0.0010652969,0.0021305939
1619146705672,0.0021305939,0.0,0.0031958907
1619146705871,0.0021305939,-0.0010652969,0.0021305939
1619146706071,0.0021305939,-0.0010652969,0.0021305939
1619146706271,0.0021305939,-0.0010652969,0.0021305939
1619146706474,0.0021305939,0.0,0.0021305939
1619146706673,0.0031958907,0.0,0.0021305939
1619146706874,0.0021305939,0.0,0.0021305939
1619146707075,0.0021305939,-0.0010652969,0.0021305939
1619146707275,0.0021305939,-0.0010652969,0.0021305939
1619146707475,0.0031958907,-0.0010652969,0.0021305939
1619146707675,0.0021305939,0.0,0.0021305939
1619146707874,0.0031958907,-0.0010652969,0.0021305939
1619146708075,0.0021305939,-0.0010652969,0.0021305939
1619146708274,0.0031958907,-0.0010652969,0.0021305939
1619146708472,0.0021305939,0.0,0.0010652969
1619146708672,0.0031958907,-0.0010652969,0.0031958907
1619146708877,0.0021305939,-0.0010652969,0.0021305939
1619146709075,0.0021305939,0.0,0.0021305939
1619146709277,0.0021305939,-0.0010652969,0.0021305939
1619146709478,0.0021305939,-0.0010652969,0.0031958907
1619146709673,0.0031958907,-0.0010652969,0.0021305939
1619146709874,0.0021305939,0.0,0.0021305939
1619146710074,0.0021305939,0.0,0.0031958907
1619146710274,0.0021305939,0.0,0.0021305939
1619146710475,0.0021305939,0.0021305939,0.0021305939
1619146710674,0.0021305939,-0.0010652969,0.0021305939
1619146710875,0.0021305939,0.0,0.0031958907
1619146711076,0.0021305939,0.0,0.0021305939
1619146711275,0.0010652969,0.0,0.0031958907
1619146711474,0.0021305939,0.0,0.0021305939
1619146711676,0.0031958907,0.0,0.0031958907
1619146711877,0.0021305939,0.0,0.0031958907
1619146712075,0.0021305939,0.0,0.0021305939
1619146712275,0.0021305939,0.011718267,0.0021305939
1619146712475,0.0021305939,0.0,0.0021305939
1619146712676,0.0021305939,0.0,0.0031958907
1619146712876,0.0031958907,0.0,0.0031958907
1619146713076,0.0021305939,0.005326485,0.0031958907
1619146713278,0.0021305939,0.0,0.0021305939
1619146713476,0.0031958907,0.0,0.0031958907
1619146713677,0.0021305939,0.0,0.0021305939
1619146713877,0.0021305939,-0.0010652969,0.0021305939
1619146714082,0.0031958907,-0.0010652969,0.0031958907
1619146714282,0.0010652969,0.0,0.0021305939
1619146714482,0.0021305939,-0.0010652969,0.0021305939
1619146714682,0.0021305939,-0.0010652969,0.0021305939
1619146714882,0.0021305939,-0.0010652969,0.0021305939
1619146715080,0.0021305939,0.0,0.0021305939
1619146715283,0.0021305939,0.0,0.0021305939
1619146715480,0.0031958907,-0.0010652969,0.0031958907
1619146715683,0.0010652969,0.0,0.0021305939
1619146715879,0.0031958907,-0.0010652969,0.0021305939
1619146716078,0.0021305939,0.0,0.0021305939
1619146716279,0.0031958907,0.0,0.0021305939
1619146716480,0.0021305939,-0.0010652969,0.0021305939
1619146716679,0.0021305939,-0.0010652969,0.0021305939
1619146716879,0.0021305939,0.0,0.0010652969
1619146717083,0.0031958907,0.0,0.0031958907
1619146717279,0.0021305939,0.0,0.0021305939
1619146717479,0.0021305939,-0.0010652969,0.0031958907
1619146717680,0.0021305939,0.0,0.0021305939
1619146717880,0.0031958907,0.0,0.0031958907
1619146718082,0.0010652969,-0.017044751,0.0021305939
1619146718279,0.0021305939,-0.0010652969,0.0021305939
1619146718481,0.0021305939,0.0,0.0010652969
1619146718683,0.0021305939,-0.0010652969,0.0010652969
1619146718883,0.0031958907,-0.0010652969,0.0021305939
1619146719086,0.0021305939,-0.0021305939,0.0031958907
1619146719281,0.0031958907,-0.0021305939,0.0031958907
1619146719482,0.0021305939,0.0,0.0021305939
1619146719682,0.0021305939,-0.0010652969,0.0021305939
1619146719882,0.0021305939,0.0,0.0021305939
1619146720081,0.0021305939,-0.0010652969,0.0031958907
1619146720281,0.0021305939,0.0,0.0021305939
1619146720482,0.0031958907,0.0,0.0021305939
1619146720683,0.0021305939,0.0,0.0021305939
1619146720882,0.0021305939,0.0,0.0031958907
1619146721082,0.0042611877,0.0,0.0021305939
1619146721282,0.0021305939,0.0,0.0021305939
1619146721483,0.0031958907,0.0,0.0021305939
1619146721683,0.0021305939,0.0021305939,0.0021305939
1619146721883,0.0031958907,0.0,0.0021305939
1619146722083,0.0021305939,0.0,0.0021305939
1619146722284,0.0031958907,0.0,0.0021305939
1619146722484,0.0031958907,-0.0010652969,0.0021305939
1619146722684,0.0021305939,-0.012783563,0.0021305939
1619146722883,0.0021305939,0.0,0.0021305939
1619146723084,0.0021305939,0.0,0.0021305939
1619146723285,0.0021305939,0.0,0.0010652969
1619146723485,0.0021305939,0.0,0.0021305939
1619146723686,0.0021305939,0.011718267,0.0021305939
1619146723884,0.0021305939,0.0,0.0031958907
1619146724085,0.0031958907,-0.0010652969,0.0021305939
1619146724286,0.0021305939,0.0,0.0021305939
1619146724486,0.0021305939,-0.0010652969,0.0021305939
1619146724689,0.0021305939,-0.0010652969,0.0021305939
1619146724889,0.0031958907,0.0,0.0021305939
1619146725091,0.0021305939,0.0,0.0021305939
1619146725286,0.0021305939,-0.0010652969,0.0021305939
1619146725489,0.0021305939,-0.0010652969,0.0031958907
1619146725691,0.0031958907,-0.0010652969,0.0021305939
1619146725890,0.0031958907,0.0,0.0021305939
1619146726092,0.0031958907,-0.0010652969,0.0021305939
1619146726288,0.0021305939,0.0,0.0021305939
1619146726489,0.0021305939,0.0,0.0021305939
1619146726689,0.0021305939,-0.0010652969,0.0021305939
1619146726889,0.0021305939,-0.0010652969,0.0021305939
1619146727087,0.0021305939,0.0,0.0021305939
1619146727287,0.0021305939,-0.0010652969,0.0021305939
1619146727487,0.0031958907,-0.0010652969,0.0031958907
1619146727689,0.0021305939,-0.0010652969,0.0031958907
1619146727888,0.0031958907,0.0074570784,0.0031958907
1619146728088,0.0021305939,0.0,0.0021305939
1619146728289,0.0021305939,-0.0010652969,0.0021305939
1619146728492,0.0031958907,0.0,0.0031958907
1619146728688,0.0021305939,-0.0031958907,0.0010652969
1619146728890,0.0031958907,-0.0010652969,0.0021305939
1619146729089,0.0031958907,0.0,0.0010652969
1619146729292,0.0021305939,0.0,0.0021305939
1619146729490,0.0021305939,0.0,0.0021305939
1619146729689,0.0031958907,0.01384886,0.0021305939
1619146729889,0.0021305939,0.0,0.0021305939
1619146730091,0.0021305939,0.0,0.0021305939
1619146730292,0.0021305939,0.0,0.0021305939
1619146730491,0.0021305939,0.0,0.0031958907
1619146730696,0.0021305939,-0.0010652969,0.0021305939
1619146730890,0.0021305939,-0.0010652969,0.0031958907
1619146731090,0.0010652969,0.0,0.0021305939
1619146731292,0.0031958907,-0.0010652969,0.0021305939
1619146731491,0.0021305939,0.0,0.0031958907
1619146731691,0.0021305939,-0.0042611877,0.0010652969
1619146731891,0.0031958907,-0.0010652969,0.0031958907
1619146732092,0.0031958907,-0.0010652969,0.0021305939
1619146732292,0.0021305939,-0.0010652969,0.0031958907
1619146732491,0.0031958907,-0.019175345,0.0021305939
1619146732692,0.0021305939,0.0,0.0021305939
1619146732894,0.0021305939,0.0,0.0031958907
1619146733093,0.0021305939,-0.0010652969,0.0021305939
1619146733293,0.0021305939,-0.0010652969,0.0021305939
1619146733495,0.0021305939,0.0,0.0021305939
1619146733697,0.0021305939,0.0,0.0031958907
1619146733895,0.0021305939,0.0,0.0021305939
1619146734093,0.0021305939,0.0042611877,0.0021305939
1619146734293,0.0021305939,-0.0010652969,0.0021305939
1619146734494,0.0021305939,0.0,0.0021305939
1619146734695,0.0010652969,0.0,0.0021305939
1619146734894,0.0010652969,0.0010652969,0.0010652969
1619146735094,0.0031958907,0.0,0.0021305939
1619146735295,0.0021305939,0.0,0.0021305939
1619146735496,0.0031958907,0.0,0.0021305939
1619146735697,0.0021305939,0.0010652969,0.0021305939
1619146735896,0.0021305939,-0.0010652969,0.0021305939
1619146736097,0.0021305939,-0.0010652969,0.0021305939
1619146736295,0.0021305939,0.0,0.0021305939
1619146736499,0.0031958907,0.0,0.0021305939
1619146736699,0.0021305939,0.0,0.0021305939
1619146736897,0.0031958907,-0.0010652969,0.0021305939
1619146737100,0.0021305939,0.0,0.0021305939
1619146737296,0.0031958907,-0.0010652969,0.0021305939
1619146737500,0.0021305939,0.0,0.0021305939
1619146737700,0.0031958907,-0.0010652969,0.0021305939
1619146737896,0.0021305939,0.0,0.0010652969
1619146738100,0.0021305939,0.0,0.0021305939
1619146738297,0.0021305939,-0.0010652969,0.0021305939
1619146738497,0.0021305939,0.0,0.0021305939
1619146738697,0.0021305939,-0.0010652969,0.0021305939
1619146738899,0.0021305939,0.0,0.0021305939
1619146739101,0.0021305939,-0.0010652969,0.0021305939
1619146739301,0.0021305939,0.0,0.0021305939
1619146739503,0.0021305939,0.0,0.0021305939
1619146739703,0.0021305939,-0.0010652969,0.0031958907
1619146739901,0.0021305939,0.0,0.0021305939
1619146740098,0.0021305939,0.0,0.0031958907
1619146740303,0.0021305939,0.0,0.0021305939
1619146740504,0.0021305939,0.0,0.0021305939
1619146740704,0.0031958907,-0.0010652969,0.0021305939
1619146740901,0.0021305939,-0.0010652969,0.0021305939
1619146741104,0.0031958907,-0.0010652969,0.0021305939
1619146741304,0.0031958907,0.0,0.0021305939
1619146741504,0.0021305939,-0.0010652969,0.0021305939
1619146741705,0.0021305939,0.0,0.0021305939
1619146741904,0.0031958907,-0.0010652969,0.0021305939
1619146742105,0.0031958907,-0.0010652969,0.0021305939
1619146742302,0.0031958907,0.0,0.0031958907
1619146742501,0.0021305939,-0.0010652969,0.0010652969
1619146742706,0.0021305939,0.0,0.0031958907
1619146742904,0.0021305939,-0.0010652969,0.0021305939
1619146743107,0.0021305939,0.0,0.0021305939
1619146743306,0.0021305939,0.0,0.0021305939
1619146743506,0.0021305939,-0.0010652969,0.0021305939
1619146743706,0.0031958907,-0.0010652969,0.0021305939
1619146743904,0.0031958907,0.0,0.0021305939
1619146744107,0.0021305939,-0.0010652969,0.0021305939
1619146744305,0.0021305939,0.0,0.0021305939
1619146744507,0.0021305939,0.0,0.0021305939
1619146744707,0.0031958907,0.0,0.0021305939
1619146744904,0.0031958907,0.0,0.0021305939
1619146745107,0.0031958907,0.0,0.0021305939
1619146745307,0.0021305939,-0.0010652969,0.0031958907
1619146745508,0.0021305939,-0.0010652969,0.0021305939
1619146745707,0.0021305939,0.0,0.0021305939
1619146745908,0.0021305939,0.0,0.0031958907
1619146746108,0.0021305939,0.0,0.0031958907
1619146746307,0.0021305939,-0.0010652969,0.0031958907
1619146746509,0.0021305939,0.0,0.0021305939
1619146746709,0.0021305939,0.0,0.0021305939
1619146746909,0.0031958907,0.0,0.0021305939
1619146747107,0.0021305939,0.0,0.0031958907
1619146747307,0.0021305939,-0.0010652969,0.0010652969
1619146747509,0.0031958907,0.0,0.0021305939
1619146747708,0.0031958907,0.0,0.0021305939
1619146747910,0.0021305939,0.0,0.0021305939
1619146748108,0.0021305939,-0.0010652969,0.0021305939
1619146748310,0.0021305939,0.0,0.0021305939
1619146748510,0.0031958907,-0.0010652969,0.0021305939
1619146748708,0.0021305939,0.0,0.0021305939
1619146748911,0.0021305939,-0.0010652969,0.0021305939
1619146749110,0.0021305939,0.0,0.0021305939
1619146749308,0.0021305939,-0.0010652969,0.0021305939
1619146749511,0.0021305939,-0.0010652969,0.0031958907
1619146749710,0.0031958907,0.0,0.0021305939
1619146749912,0.0031958907,0.0,0.0021305939
1619146750109,0.0031958907,-0.0010652969,0.0021305939
1619146750309,0.0021305939,-0.0010652969,0.0031958907
1619146750512,0.0021305939,-0.0010652969,0.0021305939
1619146750712,0.0010652969,0.0,0.0031958907
1619146750909,0.0021305939,-0.0010652969,0.0021305939
1619146751109,0.0021305939,0.0,0.0021305939
1619146751310,0.0031958907,0.0010652969,0.0021305939
1619146751512,0.0031958907,0.0,0.0021305939
1619146751710,0.0031958907,0.0,0.0031958907
1619146751912,0.0031958907,0.0,0.0031958907
1619146752111,0.0021305939,0.0010652969,0.0021305939
1619146752311,0.0031958907,-0.0010652969,0.0021305939
1619146752512,0.0031958907,0.0,0.0021305939
1619146752713,0.0021305939,0.0,0.0021305939
1619146752913,0.0021305939,0.0,0.0021305939
1619146753111,0.0021305939,0.0,0.0021305939
1619146753309,0.0021305939,0.0,0.0021305939
1619146753510,0.0031958907,0.0,0.0021305939
1619146753709,0.0021305939,0.0,0.0021305939
1619146753914,0.0031958907,0.0,0.0021305939
1619146754115,0.0021305939,0.0,0.0021305939
1619146754310,0.0021305939,-0.0010652969,0.0021305939
1619146754515,0.0031958907,0.0,0.0021305939
1619146754711,0.0021305939,-0.0010652969,0.0021305939
1619146754916,0.0031958907,0.0,0.0021305939
1619146755114,0.0021305939,0.0,0.0021305939
1619146755313,0.0021305939,0.0,0.0021305939
1619146755515,0.0031958907,0.0,0.0021305939
1619146755716,0.0031958907,-0.0010652969,0.0021305939
1619146755917,0.0021305939,0.0,0.0021305939
1619146756114,0.0031958907,-0.0010652969,0.0021305939
1619146756314,0.0021305939,0.0,0.0021305939
1619146756515,0.0031958907,-0.0010652969,0.0021305939
1619146756717,0.0031958907,0.0,0.0031958907
1619146756917,0.0021305939,0.0,0.0021305939
1619146757115,0.0021305939,0.0,0.0031958907
1619146757315,0.0021305939,0.0,0.0010652969
1619146757516,0.0021305939,0.0,0.0021305939
1619146757716,0.0021305939,-0.0010652969,0.0021305939
1619146757918,0.0021305939,0.0,0.0021305939
1619146758118,0.0021305939,0.0,0.0031958907
1619146758314,0.0021305939,0.0,0.0021305939
1619146758518,0.0021305939,-0.0010652969,0.0021305939
1619146758718,0.0021305939,0.0,0.0031958907
1619146758919,0.0021305939,-0.0010652969,0.0031958907
1619146759117,0.0021305939,-0.0010652969,0.0021305939
1619146759319,0.0021305939,0.0,0.0021305939
1619146759520,0.0021305939,0.0,0.0021305939
1619146759720,0.0031958907,0.0,0.0021305939
1619146759920,0.0021305939,0.0,0.0021305939
1619146760118,0.0021305939,0.0,0.0031958907
1619146760319,0.0031958907,-0.0010652969,0.0021305939
1619146760520,0.0031958907,-0.0010652969,0.0021305939
1619146760720,0.0021305939,-0.0010652969,0.0021305939
1619146760921,0.0021305939,0.0,0.0021305939
1619146761118,0.0031958907,-0.0010652969,0.0021305939
1619146761318,0.0031958907,0.0,0.0021305939
1619146761520,0.0031958907,0.0,0.0021305939
1619146761722,0.0021305939,0.0,0.0021305939
1619146761922,0.0031958907,0.0,0.0021305939
1619146762118,0.0021305939,0.0,0.0021305939
1619146762320,0.0021305939,0.0,0.0031958907
1619146762522,0.0031958907,-0.0010652969,0.0021305939
1619146762723,0.0021305939,0.0,0.0021305939
1619146762923,0.0021305939,0.0,0.0021305939
1619146763121,0.0021305939,0.0010652969,0.0021305939
1619146763322,0.0021305939,-0.0010652969,0.0021305939
1619146763523,0.0021305939,0.0,0.0021305939
1619146763723,0.0021305939,-0.0010652969,0.0021305939
1619146763922,0.0021305939,0.0,0.0021305939
1619146764122,0.0031958907,0.0,0.0021305939
1619146764323,0.0031958907,0.0,0.0031958907
1619146764524,0.0010652969,-0.0010652969,0.0021305939
1619146764723,0.0021305939,0.0,0.0021305939
1619146764919,0.0031958907,0.0,0.0021305939
1619146765122,0.0021305939,0.0,0.0021305939
1619146765321,0.0021305939,0.0,0.0021305939
1619146765524,0.0042611877,-0.0010652969,0.0021305939
1619146765725,0.0031958907,-0.0010652969,0.0031958907
1619146765921,0.0031958907,0.0,0.0031958907
1619146766121,0.0021305939,-0.0010652969,0.0031958907
1619146766322,0.0031958907,-0.0010652969,0.0021305939
1619146766524,0.0021305939,0.0,0.0021305939
1619146766725,0.0021305939,-0.0010652969,0.0021305939
1619146766925,0.0021305939,0.0,0.0021305939
1619146767123,0.0021305939,0.0,0.0021305939
1619146767323,0.0021305939,-0.0010652969,0.0031958907
1619146767525,0.0021305939,0.0,0.0031958907
1619146767725,0.0021305939,0.0,0.0021305939
1619146767926,0.0021305939,0.0,0.0010652969
1619146768124,0.0021305939,0.0,0.0021305939
1619146768325,0.0021305939,0.0,0.0031958907
1619146768524,0.0021305939,-0.0010652969,0.0021305939
1619146768722,0.0031958907,-0.0010652969,0.0021305939
1619146768925,0.0021305939,-0.0010652969,0.0031958907
1619146769126,0.0031958907,-0.0010652969,0.0021305939
1619146769327,0.0031958907,0.0,0.0021305939
1619146769527,0.0031958907,0.0,0.0010652969
1619146769729,0.0021305939,0.0,0.0021305939
1619146769930,0.0021305939,0.0,0.0031958907
1619146770128,0.0031958907,0.0,0.0021305939
1619146770327,0.0021305939,0.0,0.0021305939
1619146770529,0.0021305939,-0.0010652969,0.0021305939
1619146770727,0.0031958907,-0.0010652969,0.0021305939
1619146770929,0.0021305939,0.0,0.0021305939
1619146771128,0.0021305939,0.0,0.0021305939
1619146771330,0.0031958907,-0.0010652969,0.0021305939
1619146771530,0.0031958907,0.0,0.0021305939
1619146771730,0.0031958907,-0.0010652969,0.0021305939
1619146771930,0.0031958907,-0.0010652969,0.0021305939
1619146772130,0.0021305939,-0.0010652969,0.0021305939
